,Presidencia,Presidencia,Presidencia,Presidencia,Presidencia,Presidencia,Presidencia,Presidencia,Presidencia,Presidencia,Presidencia,Presidencia,Presidencia,Presidencia,Presidencia,Presidencia,Presidencia,Presidencia,Presidencia,Presidencia,Presidencia,Presidencia,Presidencia,Presidencia,Presidencia,Presidencia,Presidencia,Presidencia,Presidencia,Presidencia,Presidencia,Presidencia,Presidencia,Presidencia,Presidencia,Presidencia,Presidencia,Presidencia,Presidencia,Presidencia,Presidencia,Presidencia,Presidencia,Presidencia,Presidencia,Presidencia,Presidencia,Presidencia,Presidencia,Presidencia,Presidencia,Presidencia,Presidencia,Presidencia,Presidencia,Presidencia
,PAN_D,PRI_D,PRD_D,PVEM_D,PT_D,MC_D,NA_D,MORENA_D,ES_D,PAN_PRD_MC_D,PAN_PRD_D,PAN_MC_D,PRD_MC_D,PRI_PVEM_NA_D,PRI_PVEM_D,PRI_NA_D,PVEM_NA_D,PT_MORENA_ES_D,PT_MORENA_D,PT_ES_D,MORENA_ES_D,CAND_IND1_D,CAND_IND2_D,NUM_VOTOS_CAN_NREG_D,NUM_VOTOS_NULOS_D,TOTAL_VOTOS_D,LISTA_NOMINAL_D,index_D,PAN_PR,PRI_PR,PRD_PR,PVEM_PR,PT_PR,MC_PR,NA_PR,MORENA_PR,ES_PR,PAN_PRD_MC_PR,PAN_PRD_PR,PAN_MC_PR,PRD_MC_PR,PRI_PVEM_NA_PR,PRI_PVEM_PR,PRI_NA_PR,PVEM_NA_PR,PT_MORENA_ES_PR,PT_MORENA_PR,PT_ES_PR,MORENA_ES_PR,CAND_IND1_PR,CAND_IND2_PR,NUM_VOTOS_CAN_NREG_PR,NUM_VOTOS_NULOS_PR,TOTAL_VOTOS_PR,LISTA_NOMINAL_PR,index_PR
MUNICIPIO,,,,,,,,,,,,,,,,,,,,,,,,,,,,,,,,,,,,,,,,,,,,,,,,,,,,,,,,
ACAJETE,3565.0,2520.0,777.0,728.0,1103.0,1636.0,340.0,14714.0,480.0,55.0,139.0,48.0,11.0,0.0,0.0,0.0,0.0,559.0,221.0,36.0,204.0,0.0,0.0,30.0,1363.0,28529.0,44025,21001,2944.0,2022.0,486.0,249.0,1645.0,1076.0,125.0,15743.0,580.0,84.0,124.0,55.0,8.0,39.0,61.0,9.0,1.0,966.0,314.0,46.0,280.0,7.0,650.0,2.0,949.0,28465,44025,21001
ACATENO,1354.0,871.0,148.0,434.0,219.0,120.0,124.0,1714.0,67.0,37.0,27.0,2.0,0.0,0.0,0.0,0.0,0.0,8.0,16.0,1.0,4.0,0.0,0.0,0.0,352.0,5498.0,6839,21002,1074.0,824.0,94.0,239.0,318.0,79.0,69.0,1951.0,91.0,39.0,37.0,1.0,1.0,7.0,13.0,3.0,2.0,45.0,16.0,3.0,17.0,0.0,110.0,0.0,253.0,5286,6839,21002
ACATLAN,2011.0,2444.0,502.0,693.0,704.0,239.0,1002.0,8274.0,209.0,38.0,43.0,12.0,5.0,0.0,0.0,0.0,0.0,168.0,65.0,11.0,52.0,0.0,0.0,2.0,918.0,17392.0,28104,21003,1503.0,2085.0,227.0,175.0,1104.0,92.0,621.0,10133.0,287.0,47.0,31.0,15.0,4.0,39.0,40.0,17.0,10.0,329.0,130.0,18.0,84.0,4.0,285.0,3.0,683.0,17966,28104,21003
ACATZINGO,4555.0,3871.0,668.0,636.0,947.0,443.0,263.0,10678.0,338.0,75.0,59.0,29.0,3.0,0.0,0.0,0.0,0.0,327.0,114.0,18.0,96.0,0.0,0.0,9.0,947.0,24076.0,36284,21004,2775.0,3030.0,341.0,139.0,1736.0,178.0,89.0,12663.0,512.0,70.0,50.0,25.0,3.0,19.0,50.0,9.0,1.0,735.0,282.0,40.0,169.0,2.0,696.0,0.0,671.0,24285,36284,21004
ACTEOPAN,569.0,781.0,40.0,19.0,126.0,54.0,30.0,223.0,28.0,1.0,1.0,0.0,4.0,0.0,0.0,0.0,0.0,1.0,3.0,1.0,4.0,0.0,0.0,0.0,111.0,1996.0,2289,21005,511.0,725.0,28.0,10.0,151.0,32.0,25.0,323.0,42.0,1.0,1.0,1.0,6.0,0.0,8.0,1.0,0.0,10.0,4.0,2.0,3.0,1.0,20.0,0.0,91.0,1996,2289,21005
AHUACATLAN,597.0,2866.0,782.0,338.0,359.0,472.0,134.0,1353.0,207.0,20.0,16.0,2.0,12.0,0.0,0.0,0.0,0.0,27.0,7.0,3.0,7.0,0.0,0.0,8.0,851.0,8061.0,10223,21006,581.0,2531.0,729.0,268.0,542.0,370.0,84.0,2095.0,285.0,25.0,17.0,0.0,13.0,3.0,12.0,2.0,4.0,61.0,12.0,6.0,15.0,4.0,107.0,5.0,779.0,8550,10223,21006
AHUATLAN,210.0,571.0,9.0,215.0,16.0,120.0,8.0,488.0,9.0,3.0,0.0,1.0,0.0,0.0,0.0,0.0,0.0,16.0,2.0,0.0,2.0,0.0,0.0,0.0,100.0,1770.0,2545,21007,208.0,502.0,5.0,163.0,44.0,99.0,10.0,560.0,13.0,4.0,3.0,3.0,0.0,2.0,18.0,0.0,0.0,27.0,7.0,1.0,8.0,2.0,10.0,0.0,70.0,1759,2545,21007
AHUAZOTEPEC,486.0,629.0,63.0,92.0,150.0,452.0,188.0,1047.0,37.0,6.0,2.0,6.0,4.0,0.0,0.0,0.0,0.0,15.0,14.0,0.0,8.0,0.0,0.0,3.0,208.0,3410.0,7541,21008,390.0,477.0,24.0,34.0,280.0,261.0,72.0,1390.0,71.0,4.0,1.0,6.0,4.0,2.0,5.0,1.0,1.0,43.0,23.0,8.0,15.0,0.0,147.0,2.0,156.0,3417,7541,21008
AHUEHUETITLA,190.0,215.0,23.0,13.0,59.0,10.0,15.0,642.0,35.0,0.0,1.0,0.0,0.0,0.0,0.0,0.0,0.0,12.0,5.0,0.0,3.0,0.0,0.0,0.0,57.0,1280.0,1823,21009,135.0,156.0,11.0,4.0,98.0,4.0,7.0,704.0,52.0,0.0,2.0,0.0,0.0,1.0,2.0,0.0,0.0,21.0,11.0,3.0,6.0,0.0,8.0,0.0,58.0,1283,1823,21009
AJALPAN,7404.0,7638.0,2067.0,496.0,815.0,369.0,325.0,11587.0,352.0,41.0,74.0,29.0,20.0,0.0,0.0,0.0,0.0,141.0,84.0,26.0,61.0,0.0,0.0,2.0,2080.0,33611.0,41977,21010,6098.0,5338.0,1296.0,149.0,1495.0,174.0,175.0,15276.0,545.0,27.0,80.0,26.0,26.0,18.0,49.0,9.0,6.0,353.0,130.0,35.0,146.0,10.0,379.0,21.0,1805.0,33666,41977,21010
ALBINO ZERTUCHE,418.0,421.0,11.0,14.0,21.0,11.0,7.0,158.0,4.0,5.0,0.0,1.0,0.0,0.0,0.0,0.0,0.0,0.0,2.0,2.0,0.0,0.0,0.0,0.0,47.0,1122.0,1445,21011,346.0,299.0,6.0,4.0,42.0,7.0,4.0,272.0,15.0,4.0,3.0,0.0,0.0,1.0,3.0,0.0,0.0,1.0,2.0,0.0,0.0,0.0,14.0,0.0,39.0,1062,1445,21011
ALJOJUCA,1046.0,607.0,89.0,73.0,86.0,346.0,349.0,1046.0,67.0,5.0,7.0,7.0,13.0,0.0,0.0,0.0,0.0,12.0,6.0,2.0,3.0,0.0,0.0,1.0,243.0,4008.0,4858,21012,790.0,406.0,41.0,12.0,244.0,128.0,126.0,1712.0,100.0,6.0,4.0,7.0,10.0,3.0,1.0,3.0,1.0,52.0,16.0,4.0,7.0,0.0,178.0,1.0,166.0,4018,4858,21012
ALTEPEXI,1726.0,1521.0,195.0,170.0,226.0,1069.0,781.0,4543.0,143.0,7.0,1.0,4.0,13.0,0.0,0.0,0.0,0.0,24.0,4.0,0.0,13.0,0.0,0.0,0.0,740.0,11180.0,13488,21013,1144.0,849.0,96.0,36.0,551.0,683.0,320.0,7043.0,253.0,2.0,6.0,7.0,12.0,4.0,1.0,3.0,1.0,117.0,51.0,13.0,44.0,8.0,123.0,1.0,539.0,11907,13488,21013
AMIXTLAN,283.0,439.0,806.0,553.0,42.0,24.0,11.0,384.0,9.0,5.0,8.0,3.0,6.0,0.0,0.0,0.0,0.0,9.0,2.0,1.0,4.0,0.0,0.0,0.0,182.0,2771.0,3459,21014,201.0,390.0,658.0,478.0,101.0,12.0,7.0,667.0,29.0,1.0,6.0,0.0,7.0,1.0,8.0,1.0,4.0,14.0,5.0,1.0,5.0,1.0,7.0,0.0,164.0,2768,3459,21014
AMOZOC,8922.0,4365.0,453.0,1843.0,1726.0,2503.0,994.0,20041.0,1044.0,107.0,89.0,68.0,17.0,0.0,0.0,0.0,0.0,707.0,241.0,40.0,292.0,0.0,0.0,16.0,1969.0,45437.0,68752,21015,7417.0,3329.0,240.0,440.0,2470.0,1305.0,325.0,23014.0,1105.0,175.0,98.0,93.0,6.0,45.0,73.0,22.0,6.0,1452.0,401.0,79.0,420.0,46.0,2183.0,20.0,1321.0,46085,68752,21015
AQUIXTLA,1155.0,1865.0,49.0,73.0,67.0,425.0,74.0,621.0,24.0,15.0,6.0,16.0,12.0,0.0,0.0,0.0,0.0,15.0,6.0,1.0,12.0,0.0,0.0,1.0,302.0,4739.0,6004,21016,889.0,1623.0,33.0,35.0,163.0,298.0,27.0,947.0,60.0,13.0,5.0,14.0,10.0,15.0,36.0,10.0,1.0,60.0,14.0,3.0,17.0,1.0,240.0,0.0,227.0,4741,6004,21016
ATEMPAN,1918.0,3674.0,138.0,275.0,522.0,203.0,1999.0,3433.0,114.0,19.0,14.0,6.0,1.0,0.0,0.0,0.0,0.0,64.0,24.0,2.0,21.0,0.0,0.0,0.0,1071.0,13498.0,18161,21017,1569.0,2684.0,62.0,83.0,988.0,72.0,1206.0,4938.0,241.0,27.0,17.0,10.0,2.0,18.0,24.0,22.0,6.0,198.0,69.0,10.0,59.0,0.0,259.0,0.0,928.0,13492,18161,21017
ATEXCAL,608.0,977.0,25.0,27.0,41.0,17.0,32.0,403.0,20.0,5.0,6.0,2.0,1.0,0.0,0.0,0.0,0.0,6.0,4.0,1.0,1.0,0.0,0.0,0.0,108.0,2284.0,2775,21018,526.0,670.0,6.0,6.0,103.0,11.0,10.0,727.0,42.0,8.0,11.0,5.0,0.0,4.0,4.0,1.0,1.0,23.0,3.0,1.0,7.0,1.0,33.0,0.0,81.0,2284,2775,21018
ATLEQUIZAYAN,220.0,743.0,4.0,6.0,18.0,17.0,99.0,446.0,8.0,1.0,1.0,1.0,0.0,0.0,0.0,0.0,0.0,8.0,2.0,0.0,1.0,0.0,0.0,0.0,35.0,1610.0,1889,21082,216.0,666.0,4.0,0.0,40.0,9.0,0.0,601.0,20.0,3.0,1.0,0.0,0.0,4.0,3.0,0.0,0.0,8.0,2.0,2.0,2.0,1.0,7.0,0.0,20.0,1609,1889,21082
ATLIXCO,17582.0,8804.0,754.0,2721.0,1522.0,741.0,1537.0,28132.0,712.0,184.0,110.0,51.0,3.0,0.0,0.0,0.0,0.0,512.0,192.0,11.0,181.0,0.0,0.0,27.0,2670.0,66446.0,103235,21019,13329.0,7922.0,419.0,558.0,2610.0,258.0,372.0,33872.0,764.0,240.0,107.0,62.0,5.0,98.0,281.0,32.0,4.0,1214.0,347.0,61.0,301.0,37.0,2596.0,20.0,1684.0,67193,103235,21019
ATOYATEMPAN,295.0,478.0,54.0,171.0,229.0,131.0,34.0,1837.0,83.0,6.0,5.0,2.0,2.0,0.0,0.0,0.0,0.0,54.0,31.0,9.0,20.0,0.0,0.0,1.0,158.0,3600.0,4905,21020,196.0,391.0,20.0,52.0,324.0,57.0,19.0,2331.0,59.0,10.0,1.0,5.0,0.0,0.0,6.0,2.0,0.0,123.0,48.0,7.0,35.0,8.0,93.0,1.0,97.0,3885,4905,21020
ATZALA,102.0,260.0,10.0,254.0,16.0,11.0,8.0,180.0,5.0,0.0,1.0,1.0,0.0,0.0,0.0,0.0,0.0,0.0,0.0,0.0,1.0,0.0,0.0,0.0,42.0,891.0,1074,21021,163.0,201.0,4.0,132.0,42.0,6.0,6.0,317.0,20.0,0.0,1.0,1.0,0.0,1.0,1.0,1.0,0.0,18.0,2.0,2.0,0.0,0.0,35.0,0.0,29.0,982,1074,21021
ATZITZIHUACAN,1431.0,1956.0,797.0,109.0,213.0,302.0,56.0,1201.0,55.0,43.0,44.0,6.0,12.0,0.0,0.0,0.0,0.0,36.0,14.0,0.0,10.0,0.0,0.0,0.0,358.0,6643.0,9014,21022,1016.0,1811.0,467.0,28.0,515.0,169.0,29.0,1831.0,85.0,41.0,40.0,7.0,9.0,7.0,21.0,3.0,0.0,107.0,34.0,6.0,17.0,0.0,101.0,0.0,267.0,6611,9014,21022
ATZITZINTLA,188.0,423.0,466.0,73.0,148.0,1342.0,917.0,964.0,25.0,13.0,18.0,14.0,4.0,0.0,0.0,0.0,0.0,38.0,8.0,2.0,17.0,0.0,0.0,0.0,262.0,4922.0,6190,21023,214.0,401.0,377.0,28.0,279.0,1001.0,621.0,1374.0,85.0,25.0,18.0,9.0,1.0,6.0,3.0,12.0,4.0,71.0,20.0,8.0,26.0,1.0,104.0,1.0,214.0,4903,6190,21023
AXUTLA,256.0,203.0,15.0,5.0,15.0,6.0,1.0,145.0,3.0,0.0,2.0,0.0,0.0,0.0,0.0,0.0,0.0,5.0,0.0,0.0,0.0,0.0,0.0,0.0,46.0,702.0,1059,21024,248.0,153.0,13.0,2.0,26.0,4.0,2.0,195.0,12.0,0.0,3.0,0.0,0.0,0.0,2.0,0.0,0.0,8.0,4.0,0.0,0.0,0.0,4.0,2.0,21.0,699,1059,21024
AYOTOXCO DE GUERRERO,1099.0,1153.0,126.0,538.0,82.0,92.0,37.0,967.0,38.0,6.0,6.0,1.0,1.0,0.0,0.0,0.0,0.0,14.0,5.0,2.0,5.0,0.0,0.0,0.0,234.0,4406.0,5880,21025,917.0,1001.0,88.0,404.0,170.0,51.0,25.0,1350.0,71.0,10.0,6.0,4.0,1.0,9.0,18.0,1.0,3.0,31.0,14.0,5.0,10.0,0.0,68.0,0.0,152.0,4409,5880,21025
CALPAN,869.0,907.0,120.0,503.0,283.0,526.0,227.0,2791.0,96.0,6.0,8.0,17.0,1.0,0.0,0.0,0.0,0.0,84.0,27.0,3.0,14.0,0.0,0.0,0.0,503.0,6985.0,10576,21026,827.0,761.0,76.0,192.0,403.0,275.0,96.0,3243.0,114.0,22.0,10.0,17.0,3.0,11.0,28.0,8.0,5.0,179.0,66.0,14.0,39.0,4.0,236.0,2.0,356.0,6987,10576,21026
CALTEPEC,839.0,907.0,40.0,72.0,27.0,280.0,66.0,510.0,21.0,7.0,0.0,5.0,7.0,0.0,0.0,0.0,0.0,5.0,1.0,1.0,5.0,0.0,0.0,0.0,115.0,2908.0,3572,21027,748.0,745.0,27.0,32.0,97.0,190.0,5.0,803.0,36.0,5.0,4.0,6.0,3.0,2.0,15.0,1.0,0.0,21.0,8.0,2.0,2.0,8.0,54.0,0.0,78.0,2892,3572,21027
CAMOCUAUTLA,88.0,501.0,9.0,7.0,18.0,639.0,5.0,360.0,6.0,0.0,0.0,1.0,1.0,0.0,0.0,0.0,0.0,1.0,0.0,0.0,0.0,0.0,0.0,0.0,44.0,1680.0,1855,21028,79.0,469.0,9.0,8.0,27.0,588.0,1.0,434.0,12.0,0.0,0.0,1.0,1.0,0.0,0.0,0.0,0.0,5.0,0.0,1.0,1.0,1.0,13.0,0.0,30.0,1680,1855,21028
CAXHUACAN,266.0,649.0,38.0,102.0,91.0,97.0,29.0,760.0,35.0,1.0,2.0,0.0,0.0,0.0,0.0,0.0,0.0,2.0,3.0,1.0,5.0,0.0,0.0,0.0,172.0,2253.0,2796,21030,208.0,586.0,19.0,61.0,120.0,62.0,22.0,933.0,48.0,3.0,1.0,0.0,0.0,2.0,6.0,0.0,1.0,15.0,5.0,1.0,6.0,0.0,14.0,0.0,142.0,2255,2796,21030
CAÑADA MORELOS,1284.0,2234.0,244.0,262.0,384.0,147.0,111.0,3662.0,124.0,8.0,11.0,8.0,0.0,0.0,0.0,0.0,0.0,81.0,31.0,3.0,36.0,0.0,0.0,2.0,589.0,9221.0,13797,21029,1186.0,1487.0,99.0,118.0,635.0,76.0,59.0,4311.0,191.0,12.0,10.0,7.0,1.0,6.0,20.0,4.0,0.0,167.0,96.0,6.0,66.0,1.0,162.0,1.0,473.0,9194,13797,21029
CHALCHICOMULA DE SESMA,5922.0,2270.0,428.0,607.0,618.0,1151.0,787.0,7864.0,421.0,174.0,67.0,101.0,8.0,0.0,0.0,0.0,0.0,300.0,106.0,14.0,85.0,0.0,0.0,7.0,1190.0,22120.0,33128,21046,4344.0,1986.0,217.0,173.0,1127.0,392.0,233.0,10653.0,533.0,166.0,45.0,77.0,4.0,41.0,34.0,9.0,5.0,584.0,182.0,45.0,157.0,6.0,893.0,4.0,883.0,22793,33128,21046
CHAPULCO,692.0,842.0,163.0,227.0,135.0,435.0,31.0,1035.0,31.0,11.0,7.0,6.0,8.0,0.0,0.0,0.0,0.0,11.0,1.0,2.0,4.0,0.0,0.0,0.0,143.0,3784.0,4888,21047,564.0,543.0,69.0,78.0,304.0,220.0,14.0,1616.0,83.0,3.0,20.0,6.0,3.0,5.0,5.0,2.0,1.0,34.0,24.0,3.0,19.0,0.0,76.0,0.0,114.0,3806,4888,21047
CHIAUTLA,1362.0,2722.0,154.0,167.0,289.0,170.0,258.0,4490.0,218.0,11.0,13.0,5.0,0.0,0.0,0.0,0.0,0.0,100.0,33.0,7.0,53.0,0.0,0.0,2.0,527.0,10581.0,16307,21048,1079.0,2284.0,109.0,66.0,485.0,88.0,111.0,4961.0,337.0,17.0,17.0,8.0,1.0,5.0,18.0,5.0,2.0,179.0,44.0,17.0,80.0,24.0,172.0,2.0,436.0,10547,16307,21048
CHIAUTZINGO,1387.0,1759.0,165.0,305.0,658.0,235.0,98.0,3551.0,160.0,13.0,2.0,11.0,3.0,0.0,0.0,0.0,0.0,82.0,63.0,4.0,21.0,0.0,0.0,1.0,473.0,8991.0,14334,21049,1018.0,1465.0,117.0,72.0,794.0,89.0,37.0,3992.0,192.0,20.0,8.0,15.0,1.0,11.0,18.0,3.0,1.0,206.0,101.0,15.0,42.0,4.0,491.0,4.0,282.0,8998,14334,21049
CHICHIQUILA,2016.0,2835.0,186.0,102.0,288.0,231.0,1723.0,2239.0,110.0,129.0,50.0,22.0,8.0,0.0,0.0,0.0,0.0,116.0,41.0,10.0,23.0,0.0,0.0,4.0,883.0,11016.0,14444,21051,2051.0,2552.0,144.0,45.0,430.0,125.0,1176.0,2883.0,172.0,125.0,46.0,18.0,8.0,6.0,65.0,16.0,3.0,165.0,57.0,13.0,45.0,1.0,81.0,21.0,779.0,11027,14444,21051
CHICONCUAUTLA,2367.0,3431.0,116.0,77.0,118.0,39.0,1205.0,413.0,22.0,31.0,57.0,12.0,3.0,0.0,0.0,0.0,0.0,4.0,5.0,1.0,0.0,0.0,0.0,0.0,653.0,8554.0,10348,21050,2192.0,3204.0,100.0,51.0,265.0,29.0,960.0,854.0,49.0,36.0,37.0,16.0,1.0,12.0,39.0,20.0,9.0,19.0,10.0,3.0,7.0,0.0,60.0,0.0,573.0,8546,10348,21050
CHIETLA,2422.0,3613.0,311.0,430.0,599.0,1482.0,605.0,7057.0,346.0,23.0,41.0,20.0,12.0,0.0,0.0,0.0,0.0,125.0,56.0,14.0,58.0,0.0,0.0,9.0,1065.0,18288.0,27640,21052,1726.0,2809.0,193.0,122.0,1201.0,855.0,309.0,8404.0,539.0,37.0,42.0,25.0,13.0,15.0,29.0,16.0,2.0,349.0,98.0,20.0,109.0,18.0,447.0,3.0,838.0,18219,27640,21052
CHIGMECATITLAN,239.0,303.0,10.0,8.0,8.0,25.0,1.0,317.0,2.0,0.0,2.0,0.0,0.0,0.0,0.0,0.0,0.0,3.0,1.0,0.0,0.0,0.0,0.0,0.0,30.0,949.0,1111,21053,202.0,269.0,3.0,4.0,21.0,15.0,1.0,386.0,2.0,1.0,4.0,1.0,0.0,2.0,0.0,0.0,0.0,4.0,5.0,1.0,0.0,0.0,10.0,0.0,19.0,950,1111,21053
CHIGNAHUAPAN,12524.0,6436.0,374.0,469.0,1476.0,390.0,717.0,8615.0,308.0,72.0,59.0,45.0,4.0,0.0,0.0,0.0,0.0,218.0,146.0,15.0,55.0,0.0,0.0,3.0,1494.0,33420.0,44566,21054,10306.0,5002.0,277.0,192.0,2454.0,217.0,352.0,10795.0,515.0,69.0,57.0,40.0,3.0,32.0,90.0,21.0,12.0,455.0,213.0,54.0,106.0,17.0,1089.0,25.0,1211.0,33604,44566,21054
CHIGNAUTLA,2295.0,4291.0,220.0,769.0,510.0,889.0,465.0,4308.0,399.0,20.0,21.0,11.0,11.0,0.0,0.0,0.0,0.0,215.0,42.0,12.0,89.0,0.0,0.0,5.0,983.0,15555.0,21286,21055,1935.0,3358.0,128.0,217.0,1023.0,496.0,213.0,5564.0,497.0,35.0,26.0,20.0,7.0,23.0,66.0,7.0,8.0,414.0,86.0,27.0,130.0,0.0,541.0,3.0,705.0,15529,21286,21055
CHILA,174.0,1053.0,828.0,23.0,43.0,73.0,5.0,501.0,14.0,6.0,11.0,1.0,2.0,0.0,0.0,0.0,0.0,10.0,4.0,0.0,7.0,0.0,0.0,0.0,103.0,2858.0,3935,21056,177.0,878.0,592.0,12.0,106.0,32.0,4.0,806.0,34.0,5.0,12.0,2.0,4.0,2.0,13.0,2.0,0.0,32.0,6.0,0.0,3.0,0.0,32.0,0.0,97.0,2851,3935,21056
CHILA DE LA SAL,169.0,471.0,5.0,4.0,6.0,1.0,1.0,243.0,13.0,0.0,0.0,0.0,0.0,0.0,0.0,0.0,0.0,5.0,2.0,1.0,6.0,0.0,0.0,0.0,7.0,934.0,1212,21057,124.0,443.0,9.0,2.0,19.0,1.0,0.0,260.0,19.0,0.0,0.0,0.0,0.0,0.0,1.0,0.0,0.0,6.0,4.0,0.0,8.0,1.0,6.0,0.0,10.0,913,1212,21057
CHILCHOTLA,2322.0,1342.0,656.0,303.0,1247.0,1048.0,183.0,957.0,95.0,10.0,24.0,23.0,13.0,0.0,0.0,0.0,0.0,68.0,39.0,6.0,8.0,0.0,0.0,1.0,921.0,9266.0,12104,21059,1979.0,1064.0,534.0,207.0,1580.0,692.0,148.0,1697.0,192.0,14.0,26.0,29.0,12.0,4.0,18.0,3.0,1.0,122.0,52.0,13.0,18.0,0.0,90.0,1.0,772.0,9268,12104,21059
CHINANTLA,330.0,453.0,60.0,17.0,30.0,16.0,54.0,445.0,11.0,1.0,1.0,0.0,1.0,0.0,0.0,0.0,0.0,2.0,3.0,0.0,0.0,0.0,0.0,0.0,59.0,1483.0,2323,21060,270.0,381.0,38.0,4.0,52.0,9.0,36.0,597.0,27.0,1.0,0.0,0.0,1.0,3.0,2.0,2.0,1.0,13.0,3.0,0.0,1.0,2.0,11.0,0.0,30.0,1484,2323,21060
COATEPEC,78.0,181.0,3.0,7.0,3.0,80.0,5.0,76.0,2.0,0.0,1.0,0.0,1.0,0.0,0.0,0.0,0.0,0.0,0.0,0.0,0.0,0.0,0.0,0.0,98.0,535.0,749,21031,68.0,170.0,3.0,6.0,7.0,64.0,2.0,115.0,2.0,1.0,0.0,0.0,0.0,0.0,0.0,0.0,0.0,0.0,0.0,0.0,0.0,0.0,6.0,0.0,92.0,536,749,21031
COATZINGO,80.0,482.0,21.0,421.0,39.0,309.0,5.0,205.0,9.0,3.0,1.0,5.0,7.0,0.0,0.0,0.0,0.0,5.0,1.0,0.0,0.0,0.0,0.0,0.0,92.0,1685.0,2278,21032,69.0,447.0,18.0,338.0,90.0,261.0,7.0,299.0,29.0,3.0,0.0,5.0,5.0,1.0,3.0,0.0,4.0,11.0,7.0,0.0,3.0,1.0,24.0,0.0,71.0,1696,2278,21032
COHETZALA,92.0,289.0,25.0,62.0,8.0,5.0,242.0,96.0,18.0,0.0,3.0,0.0,0.0,0.0,0.0,0.0,0.0,3.0,0.0,0.0,0.0,0.0,0.0,0.0,32.0,875.0,1179,21033,83.0,260.0,22.0,50.0,29.0,6.0,174.0,178.0,21.0,1.0,2.0,0.0,0.0,0.0,1.0,1.0,0.0,2.0,4.0,1.0,2.0,0.0,11.0,0.0,28.0,876,1179,21033
COHUECAN,1132.0,763.0,27.0,38.0,47.0,32.0,188.0,402.0,21.0,4.0,5.0,2.0,2.0,0.0,0.0,0.0,0.0,9.0,5.0,1.0,7.0,0.0,0.0,0.0,131.0,2816.0,3566,21034,825.0,675.0,15.0,13.0,196.0,13.0,64.0,689.0,52.0,5.0,7.0,6.0,1.0,5.0,3.0,3.0,0.0,42.0,17.0,2.0,6.0,0.0,70.0,0.0,107.0,2816,3566,21034
CORONANGO,2992.0,2632.0,1080.0,1142.0,916.0,516.0,613.0,12367.0,541.0,61.0,40.0,15.0,12.0,0.0,0.0,0.0,0.0,323.0,106.0,11.0,83.0,0.0,0.0,18.0,1089.0,24557.0,36473,21035,2456.0,2044.0,529.0,261.0,1428.0,141.0,138.0,13911.0,551.0,80.0,30.0,11.0,7.0,30.0,31.0,13.0,4.0,754.0,219.0,41.0,163.0,6.0,811.0,34.0,683.0,24376,36473,21035
COXCATLAN,1289.0,1670.0,414.0,511.0,541.0,554.0,284.0,4445.0,192.0,28.0,11.0,6.0,8.0,0.0,0.0,0.0,0.0,63.0,35.0,11.0,18.0,0.0,0.0,1.0,742.0,10823.0,14760,21036,868.0,1128.0,145.0,218.0,898.0,247.0,116.0,5747.0,236.0,14.0,10.0,16.0,9.0,10.0,17.0,5.0,16.0,169.0,88.0,15.0,51.0,6.0,213.0,1.0,566.0,10809,14760,21036
COYOMEAPAN,3198.0,2142.0,55.0,36.0,149.0,53.0,21.0,1382.0,28.0,5.0,8.0,5.0,0.0,0.0,0.0,0.0,0.0,17.0,15.0,2.0,3.0,0.0,0.0,0.0,262.0,7381.0,8935,21037,2958.0,1607.0,45.0,17.0,279.0,43.0,18.0,2098.0,47.0,9.0,9.0,6.0,0.0,3.0,6.0,3.0,1.0,42.0,16.0,4.0,4.0,0.0,10.0,0.0,249.0,7474,8935,21037
COYOTEPEC,233.0,478.0,9.0,6.0,31.0,10.0,90.0,553.0,9.0,0.0,2.0,0.0,0.0,0.0,0.0,0.0,0.0,15.0,5.0,1.0,7.0,0.0,0.0,0.0,55.0,1504.0,1976,21038,176.0,351.0,6.0,3.0,57.0,6.0,29.0,803.0,18.0,1.0,2.0,0.0,0.0,2.0,3.0,0.0,1.0,27.0,11.0,0.0,6.0,0.0,12.0,0.0,42.0,1556,1976,21038
CUAPIAXTLA DE MADERO,590.0,640.0,430.0,69.0,139.0,70.0,30.0,2223.0,45.0,6.0,7.0,0.0,6.0,0.0,0.0,0.0,0.0,39.0,17.0,0.0,17.0,0.0,0.0,2.0,166.0,4496.0,6038,21039,404.0,505.0,260.0,11.0,226.0,23.0,17.0,2500.0,81.0,8.0,8.0,0.0,4.0,4.0,6.0,2.0,1.0,92.0,39.0,1.0,42.0,0.0,154.0,0.0,117.0,4505,6038,21039
CUAUTEMPAN,629.0,1294.0,145.0,77.0,128.0,1363.0,120.0,975.0,81.0,12.0,8.0,6.0,9.0,0.0,0.0,0.0,0.0,12.0,9.0,1.0,11.0,0.0,0.0,0.0,476.0,5356.0,6671,21040,601.0,1156.0,94.0,41.0,271.0,1082.0,108.0,1320.0,158.0,7.0,2.0,13.0,6.0,7.0,4.0,2.0,0.0,26.0,14.0,4.0,20.0,0.0,58.0,2.0,428.0,5424,6671,21040
CUAUTINCHAN,945.0,526.0,358.0,354.0,1132.0,155.0,92.0,1226.0,109.0,12.0,6.0,40.0,2.0,0.0,0.0,0.0,0.0,104.0,71.0,8.0,9.0,0.0,0.0,1.0,397.0,5547.0,6841,21041,763.0,450.0,268.0,187.0,1299.0,84.0,32.0,1512.0,145.0,17.0,9.0,37.0,1.0,2.0,5.0,2.0,4.0,158.0,84.0,8.0,26.0,12.0,145.0,2.0,302.0,5554,6841,21041
CUAUTLANCINGO,10877.0,3889.0,720.0,1861.0,1541.0,958.0,1296.0,21756.0,1352.0,143.0,78.0,30.0,4.0,0.0,0.0,0.0,0.0,597.0,191.0,28.0,174.0,0.0,0.0,30.0,1825.0,47350.0,70757,21042,8916.0,3366.0,266.0,197.0,2261.0,204.0,287.0,25815.0,1106.0,264.0,86.0,47.0,5.0,79.0,57.0,19.0,6.0,1247.0,326.0,46.0,278.0,50.0,2496.0,16.0,834.0,48274,70757,21042
CUAYUCA DE ANDRADE,622.0,1018.0,14.0,100.0,35.0,12.0,1.0,324.0,7.0,0.0,1.0,1.0,0.0,0.0,0.0,0.0,0.0,1.0,0.0,1.0,1.0,0.0,0.0,1.0,62.0,2201.0,2778,21043,520.0,771.0,13.0,59.0,90.0,9.0,2.0,607.0,38.0,2.0,1.0,2.0,0.0,2.0,0.0,1.0,0.0,11.0,5.0,0.0,6.0,0.0,8.0,0.0,57.0,2204,2778,21043
CUETZALAN DEL PROGRESO,6588.0,6905.0,200.0,284.0,662.0,301.0,210.0,5203.0,180.0,50.0,72.0,23.0,4.0,0.0,0.0,0.0,0.0,159.0,62.0,7.0,55.0,0.0,0.0,8.0,1583.0,22556.0,31820,21044,5665.0,5675.0,128.0,94.0,1157.0,147.0,81.0,6832.0,313.0,49.0,70.0,20.0,4.0,41.0,111.0,12.0,2.0,369.0,114.0,27.0,96.0,0.0,265.0,2.0,1362.0,22636,31820,21044
CUYOACO,1079.0,1824.0,92.0,437.0,429.0,1742.0,114.0,2534.0,85.0,9.0,8.0,25.0,4.0,0.0,0.0,0.0,0.0,61.0,44.0,3.0,12.0,0.0,0.0,0.0,479.0,8981.0,11442,21045,992.0,1519.0,51.0,150.0,694.0,1293.0,48.0,3250.0,111.0,16.0,9.0,21.0,2.0,4.0,11.0,4.0,0.0,135.0,57.0,6.0,32.0,3.0,249.0,3.0,321.0,8981,11442,21045
DOMINGO ARENAS,148.0,603.0,456.0,144.0,175.0,78.0,370.0,1286.0,96.0,4.0,8.0,1.0,4.0,0.0,0.0,0.0,0.0,20.0,8.0,2.0,3.0,0.0,0.0,0.0,248.0,3654.0,5018,21061,174.0,420.0,319.0,44.0,304.0,35.0,199.0,1495.0,91.0,7.0,11.0,2.0,3.0,10.0,5.0,7.0,3.0,68.0,35.0,10.0,22.0,10.0,185.0,1.0,201.0,3661,5018,21061
ELOXOCHITLAN,264.0,2590.0,350.0,35.0,78.0,3227.0,40.0,516.0,21.0,7.0,0.0,15.0,10.0,0.0,0.0,0.0,0.0,4.0,3.0,2.0,0.0,0.0,0.0,0.0,333.0,7495.0,8683,21062,353.0,2264.0,321.0,16.0,177.0,2612.0,35.0,1129.0,260.0,9.0,0.0,16.0,17.0,5.0,4.0,13.0,1.0,12.0,4.0,0.0,6.0,0.0,13.0,1.0,270.0,7538,8683,21062
EPATLAN,659.0,591.0,31.0,59.0,51.0,415.0,22.0,761.0,19.0,2.0,0.0,2.0,1.0,0.0,0.0,0.0,0.0,10.0,7.0,0.0,3.0,0.0,0.0,0.0,135.0,2768.0,3707,21063,553.0,489.0,19.0,14.0,114.0,287.0,10.0,1006.0,24.0,3.0,0.0,3.0,1.0,2.0,7.0,0.0,0.0,43.0,8.0,2.0,10.0,1.0,72.0,0.0,103.0,2771,3707,21063
ESPERANZA,480.0,913.0,98.0,179.0,176.0,1444.0,1180.0,2165.0,101.0,27.0,8.0,34.0,9.0,0.0,0.0,0.0,0.0,50.0,31.0,5.0,25.0,0.0,0.0,1.0,493.0,7419.0,10175,21064,574.0,526.0,55.0,56.0,377.0,719.0,670.0,3264.0,223.0,28.0,7.0,28.0,2.0,6.0,10.0,12.0,5.0,140.0,63.0,13.0,70.0,3.0,182.0,0.0,371.0,7404,10175,21064
FRANCISCO Z. MENA,2709.0,1671.0,213.0,71.0,321.0,121.0,414.0,3454.0,81.0,67.0,49.0,10.0,1.0,0.0,0.0,0.0,0.0,82.0,53.0,4.0,27.0,0.0,0.0,0.0,394.0,9742.0,12623,21065,2280.0,1541.0,184.0,32.0,427.0,88.0,261.0,3886.0,114.0,56.0,38.0,15.0,1.0,13.0,30.0,12.0,1.0,129.0,72.0,14.0,35.0,10.0,134.0,0.0,332.0,9705,12623,21065
GENERAL FELIPE ANGELES,842.0,1980.0,260.0,148.0,439.0,380.0,163.0,3849.0,329.0,24.0,27.0,8.0,6.0,0.0,0.0,0.0,0.0,120.0,41.0,25.0,73.0,0.0,0.0,2.0,730.0,9446.0,13860,21066,778.0,900.0,204.0,34.0,735.0,214.0,91.0,4645.0,450.0,40.0,36.0,13.0,6.0,4.0,17.0,7.0,1.0,271.0,102.0,33.0,148.0,0.0,218.0,1.0,508.0,9456,13860,21066
GUADALUPE,1373.0,1585.0,28.0,41.0,59.0,14.0,10.0,574.0,30.0,6.0,14.0,2.0,0.0,0.0,0.0,0.0,0.0,28.0,8.0,2.0,12.0,0.0,0.0,0.0,134.0,3920.0,5408,21067,1139.0,1449.0,15.0,10.0,132.0,11.0,10.0,856.0,54.0,4.0,12.0,1.0,0.0,5.0,18.0,0.0,0.0,48.0,12.0,10.0,18.0,0.0,25.0,0.0,111.0,3940,5408,21067
GUADALUPE VICTORIA,1056.0,3968.0,88.0,136.0,101.0,288.0,870.0,1517.0,44.0,6.0,9.0,4.0,0.0,0.0,0.0,0.0,0.0,20.0,8.0,2.0,4.0,0.0,0.0,1.0,480.0,8602.0,11502,21068,963.0,3022.0,66.0,34.0,376.0,151.0,485.0,2443.0,147.0,14.0,10.0,9.0,0.0,5.0,35.0,11.0,3.0,79.0,25.0,2.0,25.0,1.0,376.0,1.0,325.0,8608,11502,21068
HERMENEGILDO GALEANA,1486.0,1473.0,39.0,475.0,37.0,20.0,4.0,510.0,19.0,2.0,36.0,1.0,0.0,0.0,0.0,0.0,0.0,8.0,1.0,0.0,3.0,0.0,0.0,0.0,230.0,4344.0,5337,21069,1257.0,1367.0,28.0,382.0,109.0,11.0,8.0,834.0,38.0,3.0,35.0,4.0,0.0,1.0,11.0,0.0,2.0,18.0,4.0,1.0,9.0,2.0,16.0,0.0,192.0,4332,5337,21069
HONEY,1458.0,1666.0,27.0,25.0,29.0,34.0,22.0,508.0,16.0,6.0,29.0,13.0,1.0,0.0,0.0,0.0,0.0,12.0,1.0,1.0,1.0,0.0,0.0,0.0,236.0,4085.0,5186,21058,1089.0,1344.0,39.0,13.0,112.0,19.0,14.0,1013.0,49.0,7.0,32.0,9.0,1.0,2.0,13.0,1.0,0.0,29.0,11.0,2.0,8.0,0.0,89.0,0.0,201.0,4097,5186,21058
HUAQUECHULA,2619.0,3859.0,122.0,248.0,338.0,167.0,134.0,4942.0,137.0,34.0,32.0,12.0,1.0,0.0,0.0,0.0,0.0,107.0,63.0,8.0,42.0,0.0,0.0,3.0,655.0,13523.0,20393,21070,2143.0,3385.0,82.0,71.0,554.0,78.0,71.0,5814.0,171.0,37.0,30.0,17.0,1.0,25.0,34.0,5.0,2.0,210.0,114.0,17.0,70.0,18.0,245.0,3.0,449.0,13646,20393,21070
HUATLATLAUCA,1179.0,372.0,28.0,29.0,103.0,657.0,19.0,1122.0,36.0,3.0,12.0,9.0,7.0,0.0,0.0,0.0,0.0,19.0,5.0,0.0,7.0,0.0,0.0,0.0,255.0,3862.0,5094,21071,900.0,248.0,22.0,2.0,218.0,422.0,9.0,1523.0,73.0,7.0,8.0,8.0,4.0,4.0,2.0,0.0,0.0,50.0,18.0,4.0,20.0,4.0,30.0,0.0,237.0,3813,5094,21071
HUAUCHINANGO,9687.0,9369.0,1481.0,1795.0,1466.0,900.0,794.0,19381.0,924.0,215.0,257.0,56.0,36.0,0.0,0.0,0.0,0.0,519.0,232.0,38.0,218.0,0.0,0.0,20.0,3340.0,50728.0,71439,21072,6768.0,6225.0,854.0,919.0,2753.0,425.0,302.0,24372.0,1172.0,212.0,228.0,44.0,17.0,85.0,177.0,20.0,17.0,1178.0,360.0,82.0,354.0,58.0,1799.0,27.0,2619.0,51067,71439,21072
HUEHUETLA,1624.0,3332.0,2550.0,38.0,257.0,55.0,38.0,990.0,60.0,3.0,13.0,18.0,2.0,0.0,0.0,0.0,0.0,13.0,8.0,3.0,1.0,0.0,0.0,0.0,295.0,9300.0,11343,21073,1475.0,3154.0,2338.0,14.0,411.0,33.0,10.0,1447.0,59.0,3.0,22.0,14.0,3.0,4.0,27.0,0.0,1.0,35.0,14.0,2.0,6.0,1.0,34.0,0.0,211.0,9318,11343,21073
HUEHUETLAN EL CHICO,1407.0,1300.0,157.0,80.0,207.0,217.0,105.0,1432.0,62.0,4.0,16.0,4.0,6.0,0.0,0.0,0.0,0.0,14.0,9.0,1.0,11.0,0.0,0.0,0.0,314.0,5346.0,7283,21074,1017.0,1003.0,84.0,24.0,479.0,86.0,52.0,1959.0,131.0,5.0,10.0,8.0,5.0,4.0,5.0,3.0,0.0,56.0,31.0,3.0,16.0,5.0,86.0,0.0,258.0,5330,7283,21074
HUEHUETLAN EL GRANDE,205.0,1245.0,50.0,43.0,99.0,962.0,29.0,727.0,19.0,7.0,4.0,14.0,2.0,0.0,0.0,0.0,0.0,11.0,8.0,2.0,5.0,0.0,0.0,1.0,259.0,3692.0,4970,21075,225.0,967.0,26.0,14.0,203.0,715.0,7.0,1102.0,67.0,3.0,3.0,8.0,4.0,6.0,7.0,1.0,0.0,35.0,15.0,5.0,19.0,0.0,33.0,0.0,221.0,3686,4970,21075
HUEJOTZINGO,3526.0,4199.0,587.0,1437.0,1506.0,3069.0,1797.0,15459.0,580.0,77.0,19.0,46.0,69.0,0.0,0.0,0.0,0.0,356.0,265.0,28.0,102.0,0.0,0.0,10.0,1734.0,34866.0,53731,21076,3075.0,3013.0,303.0,401.0,2639.0,1318.0,699.0,17921.0,682.0,121.0,30.0,69.0,53.0,60.0,58.0,33.0,7.0,928.0,399.0,70.0,226.0,60.0,2125.0,6.0,1127.0,35423,53731,21076
HUEYAPAN,1325.0,1611.0,58.0,93.0,817.0,57.0,324.0,1250.0,39.0,13.0,6.0,4.0,0.0,0.0,0.0,0.0,0.0,52.0,42.0,2.0,9.0,0.0,0.0,0.0,316.0,6018.0,8275,21077,1080.0,1234.0,32.0,19.0,1072.0,20.0,200.0,1772.0,56.0,10.0,7.0,7.0,0.0,6.0,14.0,5.0,2.0,100.0,49.0,3.0,26.0,0.0,77.0,0.0,224.0,6015,8275,21077
HUEYTAMALCO,2911.0,4125.0,153.0,961.0,589.0,167.0,721.0,2774.0,211.0,41.0,21.0,10.0,2.0,0.0,0.0,0.0,0.0,90.0,28.0,11.0,30.0,0.0,0.0,2.0,802.0,13649.0,19500,21078,2411.0,3617.0,100.0,516.0,998.0,91.0,396.0,4036.0,211.0,48.0,34.0,12.0,1.0,17.0,41.0,9.0,11.0,196.0,67.0,22.0,45.0,0.0,305.0,1.0,612.0,13797,19500,21078
HUEYTLALPAN,635.0,1536.0,474.0,20.0,67.0,17.0,7.0,370.0,17.0,34.0,42.0,2.0,5.0,0.0,0.0,0.0,0.0,12.0,2.0,0.0,3.0,0.0,0.0,0.0,143.0,3386.0,4075,21079,562.0,1444.0,403.0,10.0,115.0,11.0,5.0,550.0,34.0,31.0,42.0,2.0,2.0,2.0,11.0,1.0,0.0,20.0,4.0,4.0,4.0,2.0,12.0,0.0,118.0,3389,4075,21079
HUITZILAN DE SERDAN,1620.0,3470.0,80.0,65.0,209.0,84.0,28.0,838.0,28.0,24.0,31.0,11.0,1.0,0.0,0.0,0.0,0.0,36.0,16.0,2.0,7.0,0.0,0.0,0.0,476.0,7026.0,9430,21080,1339.0,3240.0,60.0,21.0,380.0,38.0,16.0,1169.0,59.0,22.0,26.0,9.0,0.0,29.0,103.0,3.0,0.0,91.0,21.0,6.0,11.0,0.0,21.0,0.0,312.0,6976,9430,21080
HUITZILTEPEC,541.0,490.0,56.0,383.0,127.0,90.0,16.0,1175.0,44.0,2.0,6.0,0.0,1.0,0.0,0.0,0.0,0.0,15.0,8.0,1.0,8.0,0.0,0.0,0.0,185.0,3148.0,4025,21081,362.0,286.0,13.0,169.0,288.0,33.0,5.0,1642.0,80.0,9.0,5.0,1.0,0.0,1.0,6.0,1.0,0.0,45.0,20.0,2.0,10.0,2.0,99.0,0.0,127.0,3206,4025,21081
IXCAMILPA DE GUERRERO,171.0,1025.0,10.0,12.0,46.0,704.0,13.0,232.0,14.0,2.0,2.0,8.0,3.0,0.0,0.0,0.0,0.0,10.0,5.0,1.0,6.0,0.0,0.0,1.0,118.0,2383.0,3066,21083,160.0,889.0,8.0,3.0,137.0,554.0,5.0,413.0,32.0,4.0,1.0,3.0,1.0,3.0,6.0,3.0,0.0,19.0,11.0,1.0,16.0,2.0,21.0,1.0,93.0,2386,3066,21083
IXCAQUIXTLA,427.0,1820.0,33.0,28.0,62.0,91.0,50.0,1736.0,43.0,2.0,1.0,1.0,0.0,0.0,0.0,0.0,0.0,37.0,10.0,0.0,12.0,0.0,0.0,1.0,148.0,4502.0,5800,21084,336.0,1132.0,22.0,12.0,174.0,36.0,6.0,2398.0,73.0,3.0,2.0,1.0,0.0,12.0,4.0,4.0,0.0,83.0,18.0,4.0,17.0,1.0,36.0,6.0,125.0,4505,5800,21084
IXTACAMAXTITLAN,2051.0,4841.0,268.0,156.0,559.0,1351.0,115.0,3026.0,121.0,22.0,18.0,33.0,80.0,0.0,0.0,0.0,0.0,58.0,32.0,12.0,29.0,0.0,0.0,1.0,877.0,13650.0,17912,21085,1647.0,4301.0,213.0,63.0,843.0,984.0,61.0,3825.0,237.0,86.0,23.0,28.0,65.0,27.0,77.0,8.0,4.0,148.0,58.0,13.0,43.0,2.0,180.0,0.0,762.0,13698,17912,21085
IXTEPEC,848.0,797.0,968.0,36.0,163.0,28.0,7.0,696.0,17.0,2.0,7.0,1.0,1.0,0.0,0.0,0.0,0.0,15.0,3.0,3.0,3.0,0.0,0.0,0.0,244.0,3839.0,4822,21086,730.0,744.0,792.0,10.0,261.0,10.0,2.0,987.0,36.0,3.0,4.0,1.0,0.0,1.0,4.0,0.0,1.0,23.0,13.0,4.0,5.0,2.0,11.0,26.0,166.0,3836,4822,21086
IZUCAR DE MATAMOROS,2412.0,7517.0,1727.0,994.0,1347.0,1189.0,1290.0,15971.0,642.0,58.0,125.0,32.0,23.0,0.0,0.0,0.0,0.0,532.0,189.0,13.0,130.0,0.0,0.0,15.0,2012.0,36218.0,57741,21087,2213.0,4575.0,1156.0,255.0,2446.0,577.0,682.0,19082.0,805.0,120.0,137.0,35.0,11.0,54.0,80.0,34.0,8.0,1111.0,360.0,55.0,235.0,36.0,1173.0,28.0,1401.0,36669,57741,21087
JALPAN,649.0,682.0,203.0,1005.0,187.0,1115.0,729.0,1827.0,86.0,4.0,6.0,46.0,9.0,0.0,0.0,0.0,0.0,40.0,18.0,5.0,10.0,0.0,0.0,1.0,556.0,7178.0,9278,21088,439.0,552.0,123.0,787.0,359.0,873.0,590.0,2477.0,139.0,8.0,6.0,31.0,18.0,5.0,17.0,22.0,13.0,88.0,26.0,10.0,23.0,15.0,86.0,1.0,449.0,7157,9278,21088
JOLALPAN,1132.0,2189.0,447.0,62.0,157.0,476.0,43.0,1935.0,108.0,14.0,20.0,8.0,113.0,0.0,0.0,0.0,0.0,34.0,14.0,2.0,20.0,0.0,0.0,0.0,637.0,7411.0,9401,21089,778.0,1741.0,251.0,25.0,520.0,254.0,18.0,2707.0,211.0,24.0,16.0,13.0,109.0,11.0,26.0,2.0,0.0,102.0,40.0,16.0,47.0,8.0,54.0,0.0,477.0,7450,9401,21089
JONOTLA,301.0,666.0,28.0,375.0,79.0,22.0,537.0,372.0,11.0,0.0,0.0,1.0,0.0,0.0,0.0,0.0,0.0,4.0,2.0,0.0,1.0,0.0,0.0,0.0,183.0,2582.0,3415,21090,292.0,582.0,14.0,295.0,163.0,13.0,387.0,596.0,40.0,2.0,1.0,0.0,0.0,2.0,13.0,5.0,5.0,4.0,6.0,3.0,0.0,2.0,22.0,1.0,125.0,2573,3415,21090
JOPALA,1865.0,903.0,910.0,840.0,105.0,65.0,22.0,1933.0,84.0,10.0,9.0,15.0,4.0,0.0,0.0,0.0,0.0,47.0,12.0,3.0,15.0,0.0,0.0,0.0,328.0,7170.0,9104,21091,1616.0,859.0,720.0,756.0,197.0,42.0,14.0,2294.0,120.0,7.0,10.0,13.0,4.0,2.0,21.0,2.0,4.0,65.0,34.0,6.0,27.0,11.0,47.0,0.0,295.0,7166,9104,21091
JUAN C. BONILLA,1360.0,741.0,300.0,892.0,395.0,657.0,206.0,5766.0,225.0,25.0,63.0,13.0,3.0,0.0,0.0,0.0,0.0,172.0,51.0,3.0,51.0,0.0,0.0,2.0,595.0,11520.0,16551,21092,1054.0,604.0,160.0,369.0,618.0,231.0,74.0,6555.0,311.0,36.0,66.0,15.0,4.0,13.0,18.0,3.0,2.0,400.0,92.0,26.0,114.0,2.0,393.0,2.0,373.0,11535,16551,21092
JUAN GALINDO,696.0,990.0,80.0,100.0,93.0,70.0,18.0,2166.0,69.0,2.0,8.0,4.0,1.0,0.0,0.0,0.0,0.0,60.0,18.0,4.0,16.0,0.0,0.0,2.0,139.0,4536.0,5886,21093,339.0,667.0,48.0,35.0,147.0,30.0,5.0,2746.0,102.0,1.0,7.0,1.0,0.0,4.0,9.0,2.0,0.0,122.0,23.0,7.0,38.0,1.0,92.0,2.0,90.0,4518,5886,21093
JUAN N. MENDEZ,586.0,756.0,27.0,220.0,138.0,26.0,308.0,889.0,21.0,5.0,8.0,4.0,0.0,0.0,0.0,0.0,0.0,32.0,15.0,3.0,8.0,0.0,0.0,0.0,179.0,3225.0,3914,21094,504.0,431.0,20.0,103.0,266.0,18.0,224.0,1260.0,51.0,8.0,6.0,4.0,0.0,3.0,4.0,5.0,1.0,60.0,32.0,10.0,16.0,0.0,56.0,0.0,156.0,3238,3914,21094
LA MAGDALENA TLATLAUQUITEPEC,140.0,161.0,4.0,1.0,8.0,2.0,1.0,90.0,0.0,0.0,0.0,0.0,0.0,0.0,0.0,0.0,0.0,2.0,2.0,1.0,1.0,0.0,0.0,0.0,11.0,424.0,484,21097,110.0,139.0,5.0,1.0,15.0,0.0,1.0,135.0,3.0,0.0,0.0,0.0,0.0,0.0,1.0,0.0,0.0,4.0,2.0,0.0,0.0,0.0,4.0,0.0,4.0,424,484,21097
LAFRAGUA,432.0,1210.0,85.0,109.0,51.0,790.0,762.0,792.0,18.0,1.0,0.0,8.0,2.0,0.0,0.0,0.0,0.0,8.0,7.0,0.0,4.0,0.0,0.0,0.0,296.0,4575.0,5751,21095,387.0,868.0,59.0,68.0,181.0,518.0,576.0,1394.0,84.0,4.0,2.0,8.0,0.0,1.0,4.0,14.0,2.0,38.0,11.0,2.0,11.0,1.0,67.0,13.0,252.0,4565,5751,21095
LIBRES,2548.0,3062.0,537.0,1565.0,311.0,341.0,803.0,5854.0,206.0,31.0,18.0,43.0,2.0,0.0,0.0,0.0,0.0,108.0,22.0,6.0,30.0,0.0,0.0,2.0,885.0,16374.0,23082,21096,2272.0,2195.0,292.0,804.0,708.0,124.0,364.0,7857.0,287.0,47.0,33.0,25.0,2.0,32.0,50.0,11.0,9.0,279.0,69.0,10.0,85.0,2.0,842.0,34.0,660.0,17093,23082,21096
LOS REYES DE JUAREZ,2776.0,2095.0,253.0,186.0,488.0,195.0,97.0,4620.0,146.0,42.0,107.0,6.0,3.0,0.0,0.0,0.0,0.0,147.0,69.0,6.0,62.0,0.0,0.0,0.0,467.0,11765.0,16873,21119,1691.0,1539.0,118.0,37.0,847.0,60.0,27.0,5889.0,201.0,40.0,90.0,5.0,1.0,9.0,24.0,9.0,1.0,299.0,136.0,15.0,78.0,3.0,268.0,19.0,375.0,11781,16873,21119
MAZAPILTEPEC DE JUAREZ,125.0,179.0,13.0,79.0,31.0,125.0,13.0,425.0,20.0,0.0,2.0,3.0,1.0,0.0,0.0,0.0,0.0,2.0,3.0,0.0,4.0,0.0,0.0,0.0,63.0,1088.0,2092,21098,86.0,91.0,4.0,37.0,73.0,60.0,7.0,555.0,35.0,0.0,0.0,4.0,0.0,0.0,1.0,0.0,0.0,10.0,9.0,0.0,8.0,0.0,62.0,0.0,44.0,1086,2092,21098
MIXTLA,165.0,358.0,68.0,32.0,29.0,20.0,12.0,616.0,18.0,6.0,4.0,1.0,0.0,0.0,0.0,0.0,0.0,3.0,2.0,0.0,3.0,0.0,0.0,0.0,64.0,1401.0,1751,21099,103.0,239.0,41.0,9.0,55.0,12.0,3.0,811.0,20.0,1.0,1.0,0.0,0.0,1.0,2.0,1.0,0.0,18.0,8.0,0.0,5.0,2.0,40.0,0.0,29.0,1401,1751,21099
MOLCAXAC,608.0,760.0,73.0,29.0,196.0,142.0,16.0,1579.0,33.0,1.0,2.0,0.0,0.0,0.0,0.0,0.0,0.0,22.0,28.0,3.0,8.0,0.0,0.0,0.0,188.0,3688.0,4886,21100,366.0,472.0,39.0,7.0,303.0,91.0,6.0,2011.0,73.0,11.0,3.0,2.0,0.0,3.0,1.0,3.0,0.0,51.0,27.0,4.0,16.0,1.0,67.0,0.0,133.0,3690,4886,21100
NAUPAN,1210.0,1648.0,327.0,51.0,161.0,85.0,31.0,1744.0,49.0,4.0,17.0,7.0,3.0,0.0,0.0,0.0,0.0,29.0,10.0,0.0,10.0,0.0,0.0,1.0,286.0,5673.0,6762,21101,958.0,1447.0,232.0,41.0,283.0,50.0,18.0,2096.0,86.0,5.0,9.0,2.0,2.0,8.0,32.0,1.0,0.0,56.0,11.0,5.0,21.0,14.0,54.0,0.0,243.0,5674,6762,21101
NAUZONTLA,462.0,638.0,26.0,150.0,85.0,26.0,162.0,400.0,11.0,0.0,3.0,1.0,0.0,0.0,0.0,0.0,0.0,10.0,1.0,0.0,3.0,0.0,0.0,2.0,157.0,2137.0,2676,21102,398.0,532.0,18.0,105.0,142.0,13.0,125.0,585.0,27.0,0.0,3.0,1.0,1.0,1.0,4.0,0.0,1.0,19.0,6.0,1.0,4.0,0.0,23.0,1.0,118.0,2128,2676,21102
NEALTICAN,1334.0,857.0,147.0,256.0,248.0,115.0,534.0,2431.0,114.0,8.0,8.0,0.0,0.0,0.0,0.0,0.0,0.0,50.0,19.0,5.0,19.0,0.0,0.0,1.0,283.0,6429.0,8559,21103,1088.0,695.0,73.0,67.0,382.0,57.0,340.0,2822.0,134.0,9.0,12.0,1.0,0.0,15.0,7.0,17.0,6.0,137.0,40.0,9.0,37.0,4.0,275.0,0.0,216.0,6443,8559,21103
NICOLAS BRAVO,200.0,318.0,40.0,904.0,130.0,22.0,40.0,1296.0,29.0,5.0,2.0,0.0,0.0,0.0,0.0,0.0,0.0,34.0,28.0,3.0,9.0,0.0,0.0,0.0,199.0,3259.0,4584,21104,203.0,183.0,22.0,624.0,231.0,10.0,15.0,1798.0,51.0,4.0,1.0,0.0,0.0,5.0,55.0,1.0,4.0,76.0,32.0,7.0,21.0,0.0,111.0,1.0,105.0,3560,4584,21104
NOPALUCAN,2026.0,1631.0,174.0,1816.0,518.0,1050.0,693.0,3408.0,150.0,15.0,5.0,21.0,9.0,0.0,0.0,0.0,0.0,41.0,33.0,6.0,20.0,0.0,0.0,4.0,843.0,12463.0,17323,21105,1579.0,1450.0,88.0,1280.0,922.0,616.0,437.0,4371.0,294.0,21.0,4.0,31.0,5.0,16.0,41.0,8.0,8.0,139.0,78.0,10.0,54.0,16.0,371.0,0.0,640.0,12479,17323,21105
OCOTEPEC,424.0,580.0,37.0,85.0,98.0,189.0,174.0,816.0,32.0,4.0,1.0,3.0,2.0,0.0,0.0,0.0,0.0,19.0,7.0,0.0,5.0,0.0,0.0,6.0,180.0,2662.0,3594,21106,377.0,453.0,17.0,15.0,115.0,95.0,105.0,1039.0,41.0,6.0,2.0,2.0,2.0,5.0,8.0,2.0,2.0,38.0,8.0,2.0,10.0,0.0,194.0,2.0,126.0,2666,3594,21106
OCOYUCAN,2480.0,3191.0,502.0,1370.0,417.0,286.0,202.0,6069.0,203.0,58.0,29.0,8.0,5.0,0.0,0.0,0.0,0.0,204.0,38.0,3.0,48.0,0.0,0.0,6.0,794.0,15913.0,23653,21107,2228.0,2935.0,301.0,619.0,665.0,142.0,71.0,7046.0,258.0,102.0,21.0,6.0,4.0,19.0,31.0,5.0,0.0,403.0,100.0,24.0,100.0,4.0,357.0,3.0,572.0,16016,23653,21107
OLINTLA,2376.0,2971.0,17.0,500.0,90.0,31.0,17.0,547.0,16.0,4.0,7.0,0.0,0.0,0.0,0.0,0.0,0.0,3.0,3.0,0.0,1.0,0.0,0.0,0.0,192.0,6775.0,8175,21108,2273.0,2860.0,22.0,455.0,129.0,14.0,7.0,779.0,28.0,5.0,3.0,3.0,0.0,2.0,20.0,1.0,0.0,12.0,8.0,2.0,4.0,0.0,9.0,0.0,147.0,6783,8175,21108
ORIENTAL,1824.0,1636.0,395.0,167.0,234.0,360.0,550.0,2366.0,118.0,26.0,58.0,12.0,2.0,0.0,0.0,0.0,0.0,40.0,20.0,6.0,14.0,0.0,0.0,0.0,464.0,8292.0,11637,21109,1525.0,1217.0,339.0,53.0,495.0,163.0,301.0,3102.0,146.0,37.0,52.0,9.0,4.0,10.0,12.0,17.0,12.0,105.0,36.0,23.0,37.0,1.0,291.0,1.0,322.0,8310,11637,21109
PAHUATLAN,2032.0,1315.0,555.0,120.0,515.0,174.0,69.0,3800.0,118.0,75.0,83.0,12.0,6.0,0.0,0.0,0.0,0.0,136.0,71.0,7.0,29.0,0.0,0.0,3.0,718.0,9838.0,13693,21110,1540.0,1107.0,437.0,47.0,769.0,101.0,52.0,4318.0,161.0,65.0,72.0,16.0,5.0,15.0,39.0,6.0,0.0,246.0,113.0,21.0,46.0,8.0,99.0,2.0,612.0,9897,13693,21110
PALMAR DE BRAVO,3044.0,2888.0,1330.0,471.0,895.0,744.0,312.0,8548.0,389.0,32.0,46.0,13.0,11.0,0.0,0.0,0.0,0.0,210.0,114.0,24.0,94.0,0.0,0.0,7.0,1723.0,20895.0,29236,21111,2595.0,1688.0,918.0,153.0,1476.0,467.0,153.0,9984.0,517.0,43.0,62.0,29.0,5.0,17.0,37.0,11.0,3.0,689.0,200.0,42.0,159.0,1.0,503.0,8.0,1210.0,20970,29236,21111
PANTEPEC,4413.0,830.0,1755.0,115.0,286.0,153.0,188.0,2601.0,90.0,7.0,48.0,21.0,11.0,0.0,0.0,0.0,0.0,38.0,28.0,2.0,15.0,0.0,0.0,1.0,789.0,11391.0,13961,21112,3822.0,795.0,1469.0,50.0,476.0,72.0,99.0,3410.0,129.0,7.0,57.0,15.0,8.0,6.0,5.0,3.0,0.0,77.0,42.0,22.0,30.0,7.0,188.0,0.0,700.0,11489,13961,21112
PETLALCINGO,1294.0,2158.0,151.0,47.0,88.0,27.0,46.0,882.0,38.0,6.0,89.0,2.0,0.0,0.0,0.0,0.0,0.0,18.0,3.0,0.0,6.0,0.0,0.0,0.0,267.0,5122.0,7065,21113,913.0,1806.0,67.0,18.0,251.0,19.0,15.0,1473.0,64.0,8.0,76.0,4.0,0.0,13.0,33.0,2.0,0.0,72.0,24.0,2.0,15.0,1.0,22.0,0.0,233.0,5131,7065,21113
PIAXTLA,361.0,673.0,35.0,29.0,108.0,29.0,12.0,1103.0,23.0,0.0,3.0,4.0,1.0,0.0,0.0,0.0,0.0,34.0,22.0,0.0,9.0,0.0,0.0,0.0,119.0,2565.0,4105,21114,305.0,539.0,26.0,8.0,139.0,17.0,6.0,1265.0,36.0,0.0,3.0,2.0,0.0,3.0,8.0,1.0,0.0,71.0,28.0,1.0,20.0,3.0,25.0,0.0,66.0,2572,4105,21114
PUEBLA,173304.0,87713.0,11764.0,30925.0,24140.0,17018.0,12572.0,367137.0,14416.0,2867.0,1000.0,853.0,197.0,0.0,0.0,0.0,0.0,10265.0,3916.0,383.0,2704.0,0.0,0.0,549.0,28177.0,789900.0,1280473,21115,142982.0,73481.0,5009.0,4776.0,35762.0,5617.0,3371.0,411656.0,11399.0,4190.0,1149.0,1060.0,139.0,1717.0,1728.0,375.0,243.0,21000.0,6012.0,997.0,4484.0,274.0,42061.0,542.0,16519.0,796543,1280473,21115
QUECHOLAC,1637.0,2141.0,464.0,570.0,1966.0,653.0,284.0,12999.0,563.0,14.0,10.0,15.0,9.0,0.0,0.0,0.0,0.0,404.0,197.0,42.0,145.0,0.0,0.0,5.0,1235.0,23353.0,33324,21116,1461.0,1101.0,318.0,185.0,2179.0,314.0,135.0,14127.0,643.0,29.0,14.0,12.0,7.0,23.0,32.0,9.0,0.0,688.0,317.0,60.0,259.0,6.0,474.0,5.0,879.0,23277,33324,21116
QUIMIXTLAN,3122.0,1825.0,65.0,69.0,452.0,1578.0,1252.0,1149.0,34.0,6.0,26.0,10.0,18.0,0.0,0.0,0.0,0.0,33.0,43.0,2.0,5.0,0.0,0.0,1.0,573.0,10263.0,13166,21117,2905.0,1804.0,55.0,31.0,793.0,1171.0,960.0,2037.0,110.0,8.0,26.0,9.0,0.0,12.0,21.0,17.0,1.0,62.0,52.0,4.0,18.0,0.0,80.0,0.0,484.0,10660,13166,21117
RAFAEL LARA GRAJALES,2126.0,1314.0,128.0,391.0,208.0,402.0,481.0,2898.0,97.0,39.0,20.0,37.0,3.0,0.0,0.0,0.0,0.0,60.0,26.0,1.0,22.0,0.0,0.0,3.0,455.0,8711.0,13184,21118,1590.0,1054.0,79.0,128.0,542.0,154.0,228.0,3527.0,126.0,36.0,21.0,32.0,1.0,4.0,12.0,8.0,6.0,156.0,49.0,9.0,45.0,4.0,497.0,22.0,269.0,8599,13184,21118
SAN ANDRES CHOLULA,19218.0,4813.0,891.0,3439.0,1543.0,1407.0,1416.0,24684.0,879.0,240.0,52.0,51.0,10.0,0.0,0.0,0.0,0.0,635.0,229.0,34.0,185.0,0.0,0.0,39.0,2241.0,62006.0,91693,21120,16902.0,4537.0,322.0,541.0,2102.0,383.0,373.0,28838.0,756.0,417.0,88.0,69.0,9.0,156.0,73.0,19.0,4.0,1390.0,357.0,53.0,319.0,50.0,3227.0,26.0,1025.0,62036,91693,21120
SAN ANTONIO CAÑADA,297.0,965.0,634.0,137.0,176.0,37.0,9.0,647.0,25.0,9.0,5.0,7.0,2.0,0.0,0.0,0.0,0.0,15.0,3.0,0.0,7.0,0.0,0.0,1.0,202.0,3178.0,3769,21121,193.0,629.0,369.0,69.0,366.0,16.0,9.0,1198.0,48.0,3.0,9.0,2.0,2.0,3.0,6.0,0.0,1.0,52.0,12.0,3.0,9.0,0.0,14.0,1.0,124.0,3138,3769,21121
SAN DIEGO LA MESA TOCHIMILTZINGO,77.0,278.0,265.0,7.0,9.0,5.0,6.0,86.0,5.0,0.0,6.0,0.0,2.0,0.0,0.0,0.0,0.0,0.0,0.0,0.0,0.0,0.0,0.0,0.0,27.0,773.0,911,21122,63.0,259.0,217.0,0.0,21.0,6.0,6.0,150.0,10.0,0.0,6.0,0.0,1.0,0.0,4.0,0.0,0.0,2.0,1.0,0.0,0.0,0.0,5.0,0.0,22.0,773,911,21122
SAN FELIPE TEOTLALCINGO,755.0,882.0,47.0,145.0,311.0,188.0,108.0,1597.0,54.0,6.0,8.0,3.0,0.0,0.0,0.0,0.0,0.0,43.0,22.0,6.0,10.0,0.0,0.0,0.0,201.0,4386.0,7353,21123,622.0,643.0,36.0,31.0,423.0,79.0,34.0,1887.0,81.0,14.0,5.0,9.0,0.0,4.0,10.0,2.0,1.0,97.0,51.0,9.0,25.0,0.0,177.0,2.0,127.0,4369,7353,21123
SAN FELIPE TEPATLAN,68.0,675.0,428.0,339.0,119.0,11.0,2.0,517.0,18.0,2.0,13.0,0.0,3.0,0.0,0.0,0.0,0.0,42.0,12.0,6.0,6.0,0.0,0.0,0.0,101.0,2362.0,2859,21124,44.0,623.0,372.0,298.0,146.0,4.0,1.0,626.0,30.0,4.0,5.0,0.0,3.0,1.0,3.0,0.0,1.0,36.0,14.0,7.0,10.0,3.0,9.0,0.0,94.0,2334,2859,21124
SAN GABRIEL CHILAC,1124.0,2337.0,142.0,771.0,267.0,357.0,82.0,3171.0,73.0,24.0,12.0,20.0,2.0,0.0,0.0,0.0,0.0,38.0,28.0,2.0,7.0,0.0,0.0,1.0,344.0,8802.0,10933,21125,778.0,1495.0,40.0,441.0,592.0,204.0,29.0,4255.0,112.0,30.0,3.0,21.0,1.0,4.0,12.0,3.0,0.0,126.0,62.0,6.0,28.0,0.0,263.0,1.0,270.0,8776,10933,21125
SAN GREGORIO ATZOMPA,1396.0,417.0,48.0,291.0,165.0,287.0,91.0,1425.0,119.0,20.0,3.0,11.0,2.0,0.0,0.0,0.0,0.0,56.0,19.0,4.0,10.0,0.0,0.0,8.0,277.0,4649.0,6953,21126,1373.0,357.0,26.0,70.0,191.0,131.0,23.0,1723.0,68.0,45.0,5.0,30.0,0.0,6.0,2.0,1.0,0.0,116.0,31.0,17.0,18.0,0.0,289.0,21.0,146.0,4689,6953,21126
SAN JERONIMO TECUANIPAN,424.0,550.0,263.0,61.0,103.0,51.0,160.0,1204.0,37.0,2.0,5.0,2.0,0.0,0.0,0.0,0.0,0.0,35.0,8.0,2.0,13.0,0.0,0.0,1.0,127.0,3048.0,4114,21127,370.0,521.0,141.0,17.0,157.0,21.0,99.0,1443.0,65.0,2.0,6.0,1.0,1.0,4.0,6.0,6.0,3.0,55.0,17.0,10.0,31.0,0.0,43.0,0.0,77.0,3096,4114,21127
SAN JERONIMO XAYACATLAN,487.0,697.0,35.0,80.0,83.0,21.0,38.0,766.0,29.0,2.0,4.0,1.0,0.0,0.0,0.0,0.0,0.0,17.0,9.0,1.0,7.0,0.0,0.0,0.0,229.0,2506.0,3216,21128,306.0,670.0,31.0,9.0,206.0,7.0,13.0,942.0,63.0,1.0,3.0,3.0,0.0,6.0,6.0,0.0,1.0,57.0,14.0,7.0,20.0,0.0,25.0,0.0,130.0,2520,3216,21128
SAN JOSE CHIAPA,1408.0,556.0,127.0,235.0,106.0,251.0,110.0,1694.0,46.0,7.0,12.0,4.0,2.0,0.0,0.0,0.0,0.0,34.0,20.0,3.0,23.0,0.0,0.0,1.0,210.0,4849.0,6321,21129,1098.0,461.0,77.0,120.0,230.0,130.0,43.0,2096.0,60.0,12.0,15.0,4.0,0.0,5.0,7.0,16.0,4.0,70.0,36.0,3.0,41.0,1.0,211.0,0.0,137.0,4877,6321,21129
SAN JOSE MIAHUATLAN,1021.0,2523.0,62.0,44.0,195.0,58.0,26.0,3368.0,26.0,2.0,13.0,7.0,0.0,0.0,0.0,0.0,0.0,14.0,20.0,2.0,14.0,0.0,0.0,0.0,233.0,7628.0,9606,21130,713.0,1753.0,42.0,9.0,448.0,32.0,15.0,4023.0,58.0,5.0,7.0,3.0,0.0,2.0,21.0,5.0,6.0,60.0,33.0,6.0,22.0,5.0,39.0,0.0,155.0,7462,9606,21130
SAN JUAN ATENCO,438.0,260.0,30.0,25.0,41.0,424.0,29.0,737.0,31.0,9.0,8.0,26.0,2.0,0.0,0.0,0.0,0.0,15.0,12.0,1.0,5.0,0.0,0.0,0.0,127.0,2220.0,2911,21131,324.0,141.0,14.0,6.0,113.0,204.0,2.0,1065.0,58.0,10.0,5.0,18.0,0.0,1.0,2.0,0.0,0.0,45.0,16.0,5.0,15.0,0.0,110.0,2.0,75.0,2231,2911,21131
SAN JUAN ATZOMPA,60.0,241.0,3.0,3.0,9.0,7.0,3.0,265.0,3.0,0.0,3.0,0.0,0.0,0.0,0.0,0.0,0.0,1.0,3.0,0.0,2.0,0.0,0.0,0.0,25.0,628.0,805,21132,48.0,186.0,3.0,0.0,17.0,4.0,1.0,322.0,6.0,0.0,5.0,0.0,0.0,0.0,1.0,0.0,0.0,5.0,4.0,0.0,0.0,1.0,6.0,0.0,19.0,628,805,21132
SAN MARTIN TEXMELUCAN,11292.0,8485.0,1078.0,3003.0,4209.0,1139.0,1571.0,29515.0,1201.0,156.0,70.0,49.0,21.0,0.0,0.0,0.0,0.0,741.0,423.0,23.0,150.0,0.0,0.0,38.0,2695.0,65859.0,109573,21133,8412.0,6041.0,555.0,651.0,5136.0,400.0,373.0,35960.0,1092.0,231.0,55.0,70.0,8.0,92.0,139.0,26.0,14.0,1726.0,711.0,78.0,358.0,58.0,4056.0,46.0,1596.0,67884,109573,21133
SAN MARTIN TOTOLTEPEC,16.0,49.0,48.0,130.0,2.0,1.0,1.0,215.0,1.0,0.0,0.0,0.0,0.0,0.0,0.0,0.0,0.0,0.0,1.0,0.0,0.0,0.0,0.0,0.0,18.0,482.0,604,21134,13.0,46.0,37.0,83.0,6.0,2.0,3.0,249.0,5.0,0.0,1.0,0.0,0.0,1.0,7.0,0.0,0.0,0.0,1.0,0.0,1.0,0.0,0.0,7.0,8.0,470,604,21134
SAN MATIAS TLALANCALECA,1932.0,1954.0,97.0,460.0,726.0,138.0,697.0,3426.0,111.0,7.0,3.0,4.0,1.0,0.0,0.0,0.0,0.0,61.0,53.0,4.0,11.0,0.0,0.0,12.0,471.0,10168.0,15019,21135,1580.0,1422.0,70.0,142.0,834.0,62.0,330.0,4384.0,173.0,16.0,5.0,10.0,0.0,10.0,16.0,6.0,1.0,179.0,95.0,5.0,45.0,13.0,422.0,3.0,327.0,10150,15019,21135
SAN MIGUEL IXITLAN,83.0,137.0,5.0,2.0,7.0,2.0,1.0,133.0,1.0,5.0,1.0,0.0,0.0,0.0,0.0,0.0,0.0,1.0,1.0,0.0,0.0,0.0,0.0,0.0,19.0,398.0,487,21136,92.0,123.0,3.0,0.0,13.0,0.0,0.0,135.0,3.0,4.0,1.0,1.0,0.0,3.0,3.0,0.0,0.0,3.0,1.0,0.0,1.0,1.0,5.0,0.0,12.0,404,487,21136
SAN MIGUEL XOXTLA,1087.0,737.0,82.0,506.0,325.0,286.0,257.0,2604.0,80.0,5.0,0.0,2.0,6.0,0.0,0.0,0.0,0.0,41.0,33.0,4.0,10.0,0.0,0.0,1.0,289.0,6355.0,8889,21137,882.0,580.0,31.0,130.0,601.0,89.0,74.0,3142.0,82.0,15.0,3.0,5.0,2.0,6.0,4.0,1.0,0.0,131.0,62.0,11.0,27.0,1.0,321.0,3.0,131.0,6334,8889,21137
SAN NICOLAS BUENOS AIRES,1061.0,659.0,334.0,868.0,86.0,615.0,118.0,986.0,35.0,3.0,11.0,7.0,8.0,0.0,0.0,0.0,0.0,14.0,8.0,0.0,6.0,0.0,0.0,0.0,323.0,5142.0,7280,21138,1034.0,489.0,242.0,582.0,276.0,414.0,27.0,1495.0,81.0,4.0,7.0,7.0,6.0,8.0,19.0,4.0,5.0,48.0,28.0,3.0,19.0,2.0,128.0,0.0,223.0,5151,7280,21138
SAN NICOLAS DE LOS RANCHOS,368.0,977.0,848.0,148.0,182.0,116.0,77.0,2395.0,129.0,12.0,23.0,1.0,3.0,0.0,0.0,0.0,0.0,103.0,23.0,6.0,28.0,0.0,0.0,0.0,378.0,5817.0,7948,21139,305.0,825.0,561.0,33.0,329.0,48.0,30.0,2785.0,199.0,11.0,16.0,1.0,2.0,4.0,17.0,3.0,0.0,195.0,37.0,7.0,40.0,2.0,87.0,1.0,280.0,5818,7948,21139
SAN PABLO ANICANO,71.0,863.0,612.0,73.0,16.0,27.0,6.0,553.0,17.0,3.0,6.0,0.0,1.0,0.0,0.0,0.0,0.0,3.0,2.0,2.0,1.0,0.0,0.0,1.0,88.0,2345.0,2941,21140,52.0,781.0,456.0,8.0,61.0,7.0,3.0,814.0,52.0,0.0,10.0,0.0,1.0,2.0,8.0,1.0,0.0,14.0,4.0,2.0,2.0,1.0,26.0,0.0,40.0,2345,2941,21140
SAN PEDRO CHOLULA,17178.0,5958.0,1295.0,3106.0,2067.0,1865.0,1941.0,27193.0,1635.0,230.0,65.0,76.0,20.0,0.0,0.0,0.0,0.0,806.0,244.0,46.0,216.0,0.0,0.0,51.0,3065.0,67057.0,102485,21141,13771.0,5434.0,675.0,470.0,2928.0,455.0,402.0,33322.0,1329.0,352.0,89.0,103.0,5.0,124.0,78.0,30.0,15.0,1783.0,449.0,85.0,438.0,123.0,4060.0,42.0,1443.0,68005,102485,21141
SAN PEDRO YELOIXTLAHUACA,452.0,614.0,31.0,41.0,45.0,10.0,274.0,679.0,19.0,4.0,7.0,1.0,0.0,0.0,0.0,0.0,0.0,5.0,1.0,1.0,1.0,0.0,0.0,0.0,81.0,2266.0,2836,21142,342.0,494.0,22.0,7.0,101.0,9.0,209.0,939.0,32.0,3.0,8.0,0.0,1.0,2.0,2.0,3.0,3.0,12.0,9.0,2.0,2.0,1.0,12.0,0.0,55.0,2270,2836,21142
SAN SALVADOR EL SECO,2274.0,2476.0,815.0,524.0,415.0,1431.0,217.0,5624.0,222.0,37.0,24.0,23.0,9.0,0.0,0.0,0.0,0.0,137.0,61.0,9.0,45.0,0.0,0.0,1.0,783.0,15127.0,20289,21143,1656.0,1897.0,534.0,123.0,790.0,639.0,65.0,7424.0,341.0,52.0,26.0,31.0,7.0,16.0,28.0,7.0,5.0,312.0,113.0,17.0,109.0,1.0,575.0,1.0,598.0,15367,20289,21143
SAN SALVADOR EL VERDE,1732.0,2151.0,670.0,939.0,1184.0,313.0,745.0,5232.0,280.0,22.0,14.0,13.0,5.0,0.0,0.0,0.0,0.0,149.0,92.0,4.0,43.0,0.0,0.0,1.0,747.0,14336.0,22092,21144,1337.0,1417.0,383.0,277.0,1452.0,123.0,307.0,6672.0,372.0,33.0,15.0,10.0,6.0,26.0,28.0,10.0,4.0,422.0,156.0,27.0,85.0,8.0,646.0,2.0,460.0,14278,22092,21144
SAN SALVADOR HUIXCOLOTLA,900.0,1008.0,121.0,83.0,192.0,122.0,43.0,3792.0,101.0,11.0,34.0,4.0,1.0,0.0,0.0,0.0,0.0,107.0,27.0,1.0,38.0,0.0,0.0,4.0,333.0,6922.0,9289,21145,542.0,570.0,55.0,9.0,391.0,42.0,17.0,4299.0,158.0,29.0,33.0,4.0,1.0,6.0,15.0,1.0,0.0,195.0,74.0,12.0,81.0,2.0,126.0,0.0,305.0,6967,9289,21145
SAN SEBASTIAN TLACOTEPEC,2538.0,1915.0,58.0,279.0,267.0,51.0,188.0,772.0,26.0,3.0,16.0,1.0,2.0,0.0,0.0,0.0,0.0,19.0,10.0,2.0,5.0,0.0,0.0,0.0,338.0,6490.0,8172,21177,2274.0,1711.0,40.0,207.0,460.0,47.0,132.0,1165.0,69.0,5.0,6.0,2.0,0.0,5.0,13.0,4.0,4.0,44.0,20.0,4.0,4.0,1.0,23.0,0.0,243.0,6483,8172,21177
SANTA CATARINA TLALTEMPAN,127.0,198.0,3.0,6.0,13.0,6.0,6.0,169.0,6.0,1.0,1.0,0.0,0.0,0.0,0.0,0.0,0.0,0.0,0.0,0.0,0.0,0.0,0.0,0.0,38.0,574.0,748,21146,103.0,171.0,3.0,0.0,21.0,1.0,2.0,231.0,6.0,0.0,2.0,0.0,0.0,2.0,0.0,0.0,0.0,5.0,1.0,0.0,1.0,2.0,3.0,0.0,22.0,576,748,21146
SANTA INES AHUATEMPAN,637.0,1219.0,36.0,43.0,131.0,28.0,31.0,1051.0,26.0,4.0,7.0,2.0,1.0,0.0,0.0,0.0,0.0,19.0,14.0,1.0,3.0,0.0,0.0,0.0,112.0,3365.0,4529,21147,610.0,1086.0,28.0,5.0,180.0,17.0,19.0,1260.0,37.0,6.0,8.0,3.0,0.0,1.0,5.0,1.0,0.0,38.0,16.0,2.0,7.0,0.0,38.0,0.0,77.0,3444,4529,21147
SANTA ISABEL CHOLULA,850.0,356.0,87.0,669.0,194.0,100.0,125.0,2028.0,81.0,11.0,10.0,7.0,7.0,0.0,0.0,0.0,0.0,93.0,30.0,5.0,36.0,0.0,0.0,0.0,329.0,5018.0,7645,21148,635.0,310.0,56.0,347.0,310.0,37.0,34.0,2350.0,120.0,16.0,12.0,7.0,6.0,4.0,18.0,1.0,9.0,232.0,41.0,35.0,48.0,0.0,125.0,17.0,244.0,5014,7645,21148
SANTIAGO MIAHUATLAN,1564.0,2005.0,144.0,1204.0,838.0,177.0,299.0,4002.0,90.0,8.0,11.0,14.0,11.0,0.0,0.0,0.0,0.0,96.0,68.0,9.0,13.0,0.0,0.0,0.0,482.0,11035.0,17231,21149,1205.0,1122.0,91.0,591.0,1235.0,74.0,19.0,5359.0,169.0,10.0,8.0,16.0,1.0,12.0,17.0,2.0,2.0,222.0,135.0,18.0,41.0,2.0,351.0,1.0,341.0,11044,17231,21149
SANTO TOMAS HUEYOTLIPAN,612.0,449.0,42.0,89.0,169.0,78.0,242.0,2528.0,53.0,14.0,4.0,0.0,0.0,0.0,0.0,0.0,0.0,40.0,14.0,0.0,16.0,0.0,0.0,0.0,215.0,4565.0,6130,21150,423.0,239.0,31.0,24.0,301.0,28.0,94.0,2916.0,82.0,9.0,5.0,2.0,0.0,2.0,1.0,3.0,0.0,91.0,39.0,2.0,28.0,2.0,166.0,0.0,127.0,4615,6130,21150
SOLTEPEC,702.0,821.0,299.0,675.0,320.0,229.0,368.0,2167.0,96.0,5.0,2.0,3.0,5.0,0.0,0.0,0.0,0.0,40.0,18.0,2.0,11.0,0.0,0.0,1.0,455.0,6219.0,8814,21151,571.0,748.0,191.0,407.0,508.0,115.0,240.0,2538.0,147.0,16.0,4.0,4.0,3.0,6.0,13.0,3.0,3.0,84.0,42.0,4.0,29.0,0.0,220.0,2.0,322.0,6220,8814,21151
TECALI DE HERRERA,2127.0,1439.0,211.0,314.0,392.0,168.0,418.0,5071.0,168.0,37.0,19.0,17.0,0.0,0.0,0.0,0.0,0.0,140.0,56.0,6.0,48.0,0.0,0.0,1.0,479.0,11111.0,15067,21152,1594.0,1149.0,150.0,95.0,644.0,59.0,129.0,5659.0,222.0,49.0,16.0,24.0,0.0,10.0,6.0,3.0,1.0,320.0,85.0,18.0,116.0,2.0,336.0,0.0,337.0,11024,15067,21152
TECAMACHALCO,4386.0,3258.0,683.0,1367.0,1355.0,1311.0,408.0,20638.0,624.0,80.0,191.0,33.0,17.0,0.0,0.0,0.0,0.0,518.0,273.0,25.0,206.0,0.0,0.0,8.0,1856.0,37237.0,53689,21153,2644.0,1925.0,302.0,341.0,2490.0,426.0,134.0,23890.0,902.0,89.0,137.0,44.0,12.0,40.0,36.0,18.0,11.0,1265.0,526.0,85.0,357.0,12.0,1092.0,25.0,1166.0,37969,53689,21153
TECOMATLAN,117.0,1683.0,35.0,43.0,103.0,18.0,15.0,494.0,13.0,2.0,7.0,1.0,0.0,0.0,0.0,0.0,0.0,21.0,9.0,2.0,4.0,0.0,0.0,0.0,111.0,2678.0,4794,21154,108.0,1536.0,18.0,23.0,128.0,7.0,7.0,613.0,23.0,3.0,4.0,2.0,1.0,16.0,13.0,4.0,1.0,41.0,15.0,3.0,4.0,0.0,18.0,0.0,73.0,2661,4794,21154
TEHUACAN,21170.0,17388.0,1900.0,9531.0,4040.0,1752.0,1914.0,72014.0,1799.0,271.0,140.0,58.0,32.0,0.0,0.0,0.0,0.0,1360.0,550.0,85.0,396.0,0.0,0.0,38.0,5038.0,139476.0,216180,21155,17074.0,10296.0,1009.0,2860.0,6157.0,557.0,463.0,84154.0,1988.0,373.0,140.0,77.0,8.0,184.0,345.0,38.0,25.0,3005.0,1066.0,138.0,768.0,79.0,6828.0,29.0,3244.0,140905,216180,21155
TEHUITZINGO,889.0,2193.0,73.0,46.0,110.0,192.0,56.0,2500.0,38.0,5.0,22.0,5.0,4.0,0.0,0.0,0.0,0.0,39.0,14.0,1.0,12.0,0.0,0.0,0.0,212.0,6411.0,9608,21156,757.0,1800.0,44.0,11.0,182.0,132.0,21.0,2975.0,74.0,9.0,15.0,7.0,3.0,11.0,26.0,4.0,0.0,71.0,25.0,6.0,21.0,1.0,64.0,0.0,162.0,6421,9608,21156
TENAMPULCO,918.0,1391.0,27.0,365.0,68.0,39.0,173.0,925.0,25.0,10.0,7.0,0.0,0.0,0.0,0.0,0.0,0.0,16.0,2.0,0.0,1.0,0.0,0.0,0.0,201.0,4168.0,5261,21157,876.0,1178.0,18.0,291.0,129.0,13.0,102.0,1207.0,35.0,16.0,10.0,0.0,0.0,5.0,13.0,4.0,7.0,31.0,9.0,4.0,8.0,0.0,65.0,0.0,147.0,4168,5261,21157
TEOPANTLAN,1064.0,783.0,15.0,19.0,146.0,18.0,9.0,294.0,11.0,2.0,9.0,4.0,0.0,0.0,0.0,0.0,0.0,10.0,7.0,0.0,0.0,0.0,0.0,0.0,123.0,2514.0,3489,21158,965.0,661.0,15.0,10.0,202.0,14.0,6.0,446.0,15.0,3.0,12.0,3.0,0.0,1.0,4.0,1.0,0.0,21.0,5.0,1.0,2.0,0.0,10.0,0.0,103.0,2500,3489,21158
TEOTLALCO,220.0,419.0,254.0,38.0,50.0,37.0,470.0,360.0,18.0,2.0,4.0,0.0,0.0,0.0,0.0,0.0,0.0,5.0,1.0,0.0,1.0,0.0,0.0,0.0,86.0,1965.0,2559,21159,225.0,325.0,129.0,15.0,175.0,16.0,215.0,655.0,60.0,3.0,1.0,0.0,0.0,1.0,1.0,1.0,1.0,25.0,6.0,2.0,5.0,2.0,22.0,0.0,81.0,1966,2559,21159
TEPANCO DE LOPEZ,1487.0,1801.0,143.0,270.0,425.0,212.0,1105.0,4831.0,166.0,10.0,15.0,8.0,3.0,0.0,0.0,0.0,0.0,93.0,45.0,3.0,37.0,0.0,0.0,2.0,675.0,11331.0,15051,21160,1055.0,1084.0,90.0,51.0,748.0,90.0,494.0,6125.0,244.0,11.0,20.0,9.0,2.0,7.0,19.0,15.0,4.0,220.0,100.0,10.0,84.0,4.0,294.0,3.0,546.0,11329,15051,21160
TEPANGO DE RODRIGUEZ,367.0,265.0,17.0,66.0,85.0,398.0,223.0,577.0,50.0,1.0,3.0,2.0,1.0,0.0,0.0,0.0,0.0,4.0,1.0,4.0,2.0,0.0,0.0,0.0,289.0,2355.0,2899,21161,285.0,207.0,20.0,49.0,99.0,320.0,204.0,785.0,65.0,0.0,3.0,6.0,1.0,1.0,1.0,6.0,1.0,17.0,5.0,2.0,7.0,0.0,13.0,0.0,242.0,2339,2899,21161
TEPATLAXCO DE HIDALGO,1598.0,1150.0,179.0,770.0,508.0,181.0,85.0,3474.0,193.0,16.0,4.0,3.0,2.0,0.0,0.0,0.0,0.0,171.0,44.0,10.0,60.0,0.0,0.0,0.0,408.0,8856.0,11798,21162,1241.0,1049.0,78.0,362.0,697.0,72.0,29.0,3984.0,277.0,24.0,6.0,8.0,1.0,13.0,14.0,6.0,3.0,363.0,64.0,23.0,61.0,0.0,242.0,0.0,269.0,8886,11798,21162
TEPEACA,9039.0,7929.0,599.0,1463.0,1157.0,858.0,411.0,12973.0,444.0,102.0,67.0,59.0,16.0,0.0,0.0,0.0,0.0,376.0,147.0,19.0,122.0,0.0,0.0,7.0,1478.0,37266.0,54888,21163,6354.0,5002.0,366.0,638.0,2131.0,470.0,177.0,17686.0,654.0,99.0,74.0,73.0,8.0,43.0,87.0,10.0,10.0,888.0,270.0,55.0,244.0,22.0,1098.0,7.0,1155.0,37621,54888,21163
TEPEMAXALCO,129.0,137.0,2.0,283.0,3.0,7.0,3.0,56.0,2.0,0.0,0.0,2.0,0.0,0.0,0.0,0.0,0.0,2.0,0.0,0.0,0.0,0.0,0.0,0.0,25.0,651.0,880,21164,134.0,116.0,2.0,216.0,18.0,4.0,2.0,116.0,6.0,0.0,0.0,1.0,0.0,0.0,1.0,0.0,1.0,3.0,3.0,1.0,0.0,0.0,5.0,0.0,20.0,649,880,21164
TEPEOJUMA,521.0,1480.0,64.0,185.0,148.0,530.0,36.0,1515.0,46.0,12.0,2.0,38.0,1.0,0.0,0.0,0.0,0.0,46.0,34.0,3.0,12.0,0.0,0.0,0.0,224.0,4897.0,6715,21165,425.0,1231.0,42.0,53.0,277.0,373.0,9.0,1897.0,83.0,14.0,2.0,31.0,0.0,7.0,7.0,3.0,0.0,88.0,44.0,4.0,19.0,1.0,89.0,0.0,187.0,4886,6715,21165
TEPETZINTLA,1093.0,1234.0,52.0,91.0,242.0,63.0,1017.0,814.0,58.0,5.0,6.0,4.0,2.0,0.0,0.0,0.0,0.0,14.0,12.0,2.0,9.0,0.0,0.0,0.0,689.0,5407.0,7018,21166,945.0,1170.0,39.0,47.0,362.0,50.0,896.0,1108.0,89.0,8.0,5.0,2.0,1.0,4.0,7.0,16.0,8.0,60.0,10.0,13.0,10.0,1.0,40.0,0.0,568.0,5459,7018,21166
TEPEXCO,115.0,880.0,260.0,513.0,114.0,49.0,41.0,729.0,808.0,9.0,9.0,1.0,1.0,0.0,0.0,0.0,0.0,28.0,7.0,6.0,34.0,0.0,0.0,0.0,193.0,3797.0,4881,21167,108.0,749.0,160.0,367.0,209.0,20.0,16.0,935.0,876.0,6.0,14.0,2.0,1.0,1.0,8.0,1.0,3.0,58.0,15.0,7.0,30.0,0.0,50.0,0.0,158.0,3794,4881,21167
TEPEXI DE RODRIGUEZ,1005.0,2457.0,127.0,193.0,224.0,312.0,583.0,4149.0,151.0,23.0,8.0,8.0,4.0,0.0,0.0,0.0,0.0,95.0,36.0,10.0,15.0,0.0,0.0,1.0,625.0,10026.0,14383,21168,754.0,2031.0,62.0,70.0,430.0,134.0,365.0,5276.0,237.0,29.0,9.0,13.0,2.0,14.0,16.0,9.0,3.0,201.0,64.0,15.0,48.0,3.0,226.0,0.0,426.0,10437,14383,21168
TEPEYAHUALCO,2244.0,2113.0,221.0,722.0,155.0,508.0,545.0,2155.0,93.0,16.0,14.0,11.0,2.0,0.0,0.0,0.0,0.0,44.0,9.0,0.0,19.0,0.0,0.0,0.0,605.0,9476.0,12192,21169,1929.0,1785.0,140.0,386.0,404.0,280.0,344.0,3054.0,166.0,18.0,15.0,14.0,1.0,5.0,17.0,7.0,9.0,102.0,30.0,7.0,41.0,0.0,265.0,0.0,441.0,9460,12192,21169
TEPEYAHUALCO DE CUAUHTEMOC,322.0,204.0,188.0,37.0,82.0,52.0,16.0,1162.0,28.0,4.0,7.0,0.0,0.0,0.0,0.0,0.0,0.0,22.0,8.0,1.0,6.0,0.0,0.0,1.0,110.0,2250.0,2712,21170,187.0,125.0,87.0,7.0,176.0,14.0,6.0,1337.0,51.0,5.0,2.0,0.0,1.0,0.0,1.0,0.0,0.0,74.0,22.0,2.0,21.0,2.0,44.0,0.0,86.0,2250,2712,21170
TETELA DE OCAMPO,3449.0,4972.0,329.0,187.0,312.0,1076.0,152.0,2788.0,145.0,52.0,82.0,37.0,10.0,0.0,0.0,0.0,0.0,56.0,26.0,6.0,29.0,0.0,0.0,7.0,933.0,14648.0,18777,21171,2714.0,4209.0,225.0,73.0,667.0,690.0,47.0,4355.0,272.0,42.0,84.0,36.0,13.0,21.0,80.0,9.0,2.0,161.0,51.0,17.0,67.0,5.0,297.0,2.0,688.0,14827,18777,21171
TETELES DE AVILA CASTILLO,712.0,452.0,40.0,163.0,149.0,91.0,112.0,1428.0,25.0,4.0,3.0,1.0,0.0,0.0,0.0,0.0,0.0,18.0,9.0,1.0,7.0,0.0,0.0,0.0,179.0,3394.0,4397,21172,453.0,301.0,11.0,49.0,316.0,27.0,21.0,1797.0,62.0,8.0,4.0,0.0,0.0,7.0,3.0,1.0,1.0,56.0,23.0,5.0,12.0,0.0,143.0,0.0,108.0,3408,4397,21172
TEZIUTLAN,10871.0,9631.0,885.0,2538.0,1314.0,1257.0,1491.0,17345.0,999.0,115.0,56.0,30.0,9.0,0.0,0.0,0.0,0.0,280.0,111.0,8.0,106.0,0.0,0.0,21.0,2646.0,49713.0,71760,21173,9980.0,6251.0,407.0,568.0,2804.0,472.0,425.0,21563.0,1047.0,206.0,72.0,62.0,8.0,65.0,85.0,19.0,9.0,832.0,290.0,45.0,248.0,0.0,3306.0,43.0,1504.0,50311,71760,21173
TIANGUISMANALCO,915.0,516.0,126.0,367.0,92.0,263.0,284.0,1420.0,46.0,4.0,7.0,4.0,1.0,0.0,0.0,0.0,0.0,24.0,12.0,1.0,7.0,0.0,0.0,5.0,267.0,4361.0,8107,21174,695.0,457.0,80.0,171.0,236.0,197.0,137.0,1822.0,76.0,9.0,4.0,4.0,0.0,9.0,12.0,5.0,3.0,68.0,39.0,5.0,17.0,0.0,78.0,0.0,191.0,4315,8107,21174
TILAPA,844.0,971.0,133.0,82.0,168.0,114.0,95.0,1755.0,86.0,7.0,6.0,8.0,0.0,0.0,0.0,0.0,0.0,35.0,18.0,1.0,19.0,0.0,0.0,0.0,269.0,4611.0,6800,21175,635.0,745.0,65.0,21.0,308.0,50.0,40.0,2151.0,133.0,8.0,14.0,14.0,0.0,8.0,12.0,5.0,1.0,101.0,45.0,8.0,39.0,1.0,119.0,1.0,215.0,4739,6800,21175
TLACHICHUCA,2218.0,1985.0,223.0,784.0,2023.0,732.0,2020.0,3071.0,173.0,29.0,39.0,26.0,9.0,0.0,0.0,0.0,0.0,228.0,307.0,26.0,42.0,0.0,0.0,2.0,966.0,14903.0,20335,21179,2015.0,1648.0,120.0,423.0,2836.0,299.0,371.0,4624.0,267.0,40.0,46.0,23.0,4.0,20.0,33.0,21.0,13.0,464.0,368.0,40.0,77.0,2.0,480.0,48.0,602.0,14884,20335,21179
TLACOTEPEC DE BENITO JUAREZ,2620.0,4381.0,237.0,702.0,2342.0,513.0,676.0,10341.0,418.0,12.0,25.0,12.0,5.0,0.0,0.0,0.0,0.0,279.0,223.0,27.0,118.0,0.0,0.0,7.0,1967.0,24905.0,34998,21176,2256.0,2310.0,169.0,143.0,3083.0,269.0,414.0,12930.0,554.0,32.0,30.0,15.0,4.0,19.0,38.0,34.0,7.0,686.0,325.0,46.0,183.0,12.0,563.0,1.0,1585.0,25708,34998,21176
TLACUILOTEPEC,1274.0,3751.0,300.0,63.0,207.0,1119.0,55.0,1438.0,36.0,26.0,21.0,21.0,60.0,0.0,0.0,0.0,0.0,24.0,13.0,5.0,6.0,0.0,0.0,0.0,582.0,9001.0,11719,21178,909.0,3402.0,231.0,44.0,406.0,895.0,45.0,2129.0,100.0,25.0,14.0,28.0,47.0,20.0,94.0,6.0,1.0,41.0,24.0,8.0,27.0,4.0,56.0,1.0,426.0,8983,11719,21178
TLAHUAPAN,2794.0,4466.0,355.0,950.0,1377.0,630.0,971.0,5479.0,366.0,20.0,31.0,13.0,2.0,0.0,0.0,0.0,0.0,133.0,133.0,6.0,36.0,0.0,0.0,15.0,1157.0,18934.0,27932,21180,2127.0,3068.0,208.0,437.0,2181.0,290.0,423.0,7172.0,518.0,38.0,31.0,14.0,7.0,22.0,39.0,26.0,7.0,401.0,209.0,33.0,91.0,13.0,643.0,12.0,808.0,18818,27932,21180
TLALTENANGO,851.0,351.0,44.0,128.0,171.0,60.0,72.0,1247.0,56.0,9.0,8.0,2.0,0.0,0.0,0.0,0.0,0.0,23.0,22.0,3.0,8.0,0.0,0.0,0.0,160.0,3215.0,4696,21181,688.0,275.0,28.0,40.0,280.0,24.0,25.0,1450.0,50.0,10.0,12.0,1.0,0.0,4.0,3.0,1.0,1.0,61.0,32.0,4.0,9.0,1.0,89.0,0.0,133.0,3221,4696,21181
TLANEPANTLA,350.0,454.0,225.0,40.0,91.0,139.0,17.0,1119.0,33.0,3.0,3.0,10.0,1.0,0.0,0.0,0.0,0.0,33.0,11.0,1.0,13.0,0.0,0.0,0.0,109.0,2652.0,3403,21182,234.0,265.0,124.0,2.0,146.0,56.0,6.0,1438.0,63.0,13.0,4.0,18.0,1.0,1.0,7.0,0.0,0.0,66.0,28.0,3.0,24.0,1.0,88.0,0.0,66.0,2654,3403,21182
TLAOLA,3813.0,3545.0,155.0,90.0,185.0,598.0,51.0,2125.0,55.0,11.0,45.0,12.0,1.0,0.0,0.0,0.0,0.0,49.0,25.0,3.0,26.0,0.0,0.0,0.0,579.0,11368.0,14179,21183,3482.0,3165.0,137.0,38.0,319.0,567.0,36.0,2765.0,104.0,13.0,36.0,12.0,3.0,14.0,40.0,5.0,1.0,71.0,34.0,6.0,29.0,6.0,90.0,5.0,483.0,11461,14179,21183
TLAPACOYA,1186.0,751.0,39.0,107.0,53.0,33.0,718.0,869.0,22.0,5.0,14.0,1.0,0.0,0.0,0.0,0.0,0.0,14.0,4.0,4.0,3.0,0.0,0.0,1.0,151.0,3975.0,4755,21184,1067.0,618.0,29.0,77.0,129.0,12.0,605.0,1220.0,41.0,6.0,7.0,1.0,0.0,3.0,4.0,7.0,4.0,20.0,9.0,4.0,8.0,0.0,35.0,0.0,123.0,4029,4755,21184
TLAPANALA,935.0,502.0,101.0,120.0,158.0,827.0,354.0,1694.0,51.0,1.0,4.0,6.0,7.0,0.0,0.0,0.0,0.0,50.0,14.0,1.0,16.0,0.0,0.0,0.0,306.0,5147.0,6723,21185,673.0,401.0,121.0,29.0,301.0,501.0,227.0,2346.0,111.0,6.0,4.0,10.0,2.0,0.0,6.0,2.0,0.0,90.0,26.0,3.0,38.0,0.0,85.0,0.0,228.0,5210,6723,21185
TLATLAUQUITEPEC,5132.0,3624.0,407.0,1118.0,1370.0,1913.0,1305.0,8378.0,380.0,47.0,37.0,55.0,12.0,0.0,0.0,0.0,0.0,200.0,91.0,16.0,70.0,0.0,0.0,4.0,1847.0,26006.0,37763,21186,3916.0,3350.0,247.0,429.0,2161.0,1067.0,689.0,10526.0,503.0,66.0,47.0,71.0,19.0,36.0,61.0,25.0,13.0,597.0,250.0,44.0,165.0,0.0,932.0,2.0,1474.0,26690,37763,21186
TLAXCO,859.0,274.0,54.0,688.0,51.0,495.0,11.0,596.0,37.0,4.0,41.0,10.0,4.0,0.0,0.0,0.0,0.0,9.0,4.0,1.0,5.0,0.0,0.0,0.0,169.0,3312.0,3814,21187,633.0,274.0,30.0,610.0,122.0,355.0,9.0,960.0,60.0,4.0,28.0,8.0,5.0,2.0,19.0,1.0,0.0,13.0,8.0,2.0,10.0,0.0,21.0,0.0,139.0,3313,3814,21187
TOCHIMILCO,2463.0,1843.0,73.0,1682.0,218.0,456.0,99.0,1816.0,77.0,19.0,12.0,10.0,0.0,0.0,0.0,0.0,0.0,51.0,22.0,4.0,19.0,0.0,0.0,2.0,475.0,9341.0,12735,21188,2311.0,1661.0,53.0,1235.0,391.0,314.0,53.0,2411.0,96.0,26.0,10.0,12.0,0.0,14.0,50.0,2.0,1.0,118.0,40.0,3.0,29.0,5.0,198.0,2.0,302.0,9337,12735,21188
TOCHTEPEC,1787.0,1407.0,138.0,531.0,705.0,270.0,65.0,4811.0,121.0,17.0,34.0,8.0,1.0,0.0,0.0,0.0,0.0,143.0,101.0,4.0,35.0,0.0,0.0,2.0,527.0,10707.0,14163,21189,1227.0,877.0,75.0,228.0,1027.0,109.0,15.0,5788.0,173.0,13.0,26.0,9.0,0.0,8.0,9.0,3.0,0.0,339.0,154.0,13.0,60.0,9.0,264.0,5.0,399.0,10830,14163,21189
TOTOLTEPEC DE GUERRERO,209.0,233.0,17.0,14.0,14.0,4.0,11.0,258.0,4.0,1.0,1.0,1.0,0.0,0.0,0.0,0.0,0.0,2.0,0.0,0.0,1.0,0.0,0.0,0.0,38.0,808.0,958,21190,176.0,165.0,3.0,4.0,39.0,8.0,0.0,351.0,4.0,1.0,0.0,0.0,0.0,0.0,0.0,0.0,0.0,9.0,4.0,2.0,1.0,0.0,19.0,0.0,21.0,807,958,21190
TULCINGO,365.0,1924.0,545.0,68.0,296.0,46.0,25.0,971.0,46.0,18.0,56.0,1.0,2.0,0.0,0.0,0.0,0.0,36.0,22.0,2.0,4.0,0.0,0.0,1.0,285.0,4713.0,7529,21191,329.0,1592.0,444.0,31.0,400.0,28.0,15.0,1262.0,72.0,18.0,48.0,1.0,2.0,15.0,31.0,3.0,0.0,65.0,27.0,4.0,12.0,0.0,58.0,1.0,185.0,4643,7529,21191
TUZAMAPAN DE GALEANA,529.0,829.0,44.0,158.0,149.0,613.0,17.0,1034.0,12.0,2.0,4.0,2.0,5.0,0.0,0.0,0.0,0.0,21.0,9.0,1.0,6.0,0.0,0.0,0.0,241.0,3676.0,4415,21192,366.0,655.0,24.0,81.0,269.0,404.0,11.0,1504.0,53.0,3.0,4.0,4.0,3.0,4.0,1.0,0.0,0.0,57.0,14.0,2.0,2.0,0.0,25.0,0.0,150.0,3636,4415,21192
TZICATLACOYAN,589.0,932.0,49.0,57.0,159.0,108.0,404.0,998.0,20.0,3.0,3.0,3.0,1.0,0.0,0.0,0.0,0.0,5.0,6.0,0.0,6.0,0.0,0.0,83.0,441.0,3867.0,5075,21193,504.0,859.0,41.0,28.0,252.0,93.0,290.0,1234.0,70.0,5.0,4.0,1.0,0.0,1.0,12.0,1.0,0.0,30.0,8.0,2.0,5.0,1.0,47.0,117.0,343.0,3948,5075,21193
VENUSTIANO CARRANZA,7410.0,526.0,194.0,86.0,276.0,120.0,143.0,6129.0,62.0,102.0,71.0,25.0,0.0,0.0,0.0,0.0,0.0,103.0,61.0,12.0,36.0,0.0,0.0,2.0,452.0,15810.0,20881,21194,5981.0,517.0,144.0,33.0,526.0,65.0,64.0,7576.0,118.0,101.0,69.0,10.0,1.0,13.0,10.0,4.0,1.0,186.0,77.0,9.0,45.0,8.0,196.0,2.0,425.0,16181,20881,21194
VICENTE GUERRERO,5176.0,5313.0,98.0,84.0,164.0,52.0,42.0,1481.0,66.0,12.0,31.0,8.0,1.0,0.0,0.0,0.0,0.0,26.0,10.0,1.0,4.0,0.0,0.0,0.0,777.0,13346.0,16757,21195,4600.0,4405.0,70.0,32.0,440.0,36.0,25.0,2743.0,158.0,7.0,35.0,11.0,1.0,7.0,48.0,5.0,3.0,73.0,21.0,5.0,16.0,0.0,87.0,0.0,639.0,13467,16757,21195
XAYACATLAN DE BRAVO,41.0,375.0,11.0,18.0,21.0,96.0,87.0,367.0,12.0,1.0,1.0,1.0,3.0,0.0,0.0,0.0,0.0,6.0,4.0,0.0,3.0,0.0,0.0,0.0,76.0,1123.0,1428,21196,25.0,222.0,9.0,8.0,74.0,63.0,55.0,533.0,25.0,2.0,0.0,1.0,1.0,1.0,0.0,2.0,0.0,16.0,5.0,2.0,5.0,0.0,6.0,0.0,70.0,1125,1428,21196
XICOTEPEC,10612.0,9320.0,940.0,879.0,1018.0,476.0,519.0,11241.0,305.0,196.0,155.0,65.0,9.0,0.0,0.0,0.0,0.0,270.0,141.0,17.0,96.0,0.0,0.0,6.0,1920.0,38185.0,55468,21197,7662.0,7075.0,509.0,282.0,2058.0,202.0,223.0,14934.0,496.0,188.0,136.0,60.0,9.0,100.0,130.0,127.0,5.0,600.0,246.0,37.0,184.0,116.0,1658.0,11.0,1402.0,38450,55468,21197
XICOTLAN,322.0,246.0,1.0,5.0,1.0,3.0,1.0,308.0,2.0,4.0,1.0,1.0,0.0,0.0,0.0,0.0,0.0,0.0,1.0,0.0,1.0,0.0,0.0,0.0,16.0,913.0,1081,21198,312.0,133.0,1.0,0.0,10.0,0.0,1.0,269.0,4.0,2.0,2.0,0.0,0.0,5.0,0.0,0.0,0.0,4.0,2.0,0.0,0.0,0.0,9.0,0.0,5.0,759,1081,21198
XIUTETELCO,6017.0,7714.0,208.0,221.0,266.0,187.0,102.0,3051.0,95.0,46.0,44.0,58.0,7.0,0.0,0.0,0.0,0.0,54.0,19.0,3.0,29.0,0.0,0.0,0.0,1011.0,19132.0,26446,21199,5108.0,5999.0,108.0,82.0,707.0,97.0,55.0,5447.0,226.0,50.0,43.0,49.0,0.0,48.0,107.0,7.0,1.0,161.0,71.0,27.0,43.0,3.0,327.0,1.0,812.0,19579,26446,21199
XOCHIAPULCO,605.0,824.0,51.0,20.0,29.0,17.0,77.0,386.0,14.0,3.0,3.0,4.0,0.0,0.0,0.0,0.0,0.0,16.0,3.0,0.0,6.0,0.0,0.0,0.0,95.0,2153.0,2770,21200,482.0,620.0,23.0,9.0,62.0,6.0,46.0,636.0,30.0,1.0,3.0,1.0,0.0,5.0,4.0,0.0,0.0,31.0,6.0,4.0,7.0,1.0,37.0,0.0,86.0,2100,2770,21200
XOCHILTEPEC,424.0,387.0,37.0,29.0,36.0,30.0,35.0,388.0,11.0,2.0,1.0,3.0,0.0,0.0,0.0,0.0,0.0,17.0,7.0,3.0,2.0,0.0,0.0,1.0,128.0,1541.0,2520,21201,354.0,312.0,17.0,9.0,79.0,22.0,19.0,663.0,25.0,3.0,1.0,1.0,0.0,3.0,4.0,0.0,0.0,27.0,8.0,4.0,10.0,0.0,33.0,2.0,99.0,1695,2520,21201
XOCHITLAN DE VICENTE SUAREZ,923.0,2474.0,73.0,136.0,115.0,706.0,55.0,1015.0,44.0,10.0,10.0,26.0,9.0,0.0,0.0,0.0,0.0,29.0,6.0,0.0,6.0,0.0,0.0,0.0,594.0,6231.0,8493,21202,815.0,2259.0,33.0,42.0,276.0,503.0,38.0,1421.0,92.0,15.0,13.0,28.0,7.0,16.0,49.0,3.0,0.0,79.0,17.0,9.0,11.0,0.0,59.0,0.0,450.0,6235,8493,21202
XOCHITLAN TODOS SANTOS,462.0,666.0,32.0,444.0,411.0,53.0,25.0,1095.0,38.0,5.0,18.0,0.0,0.0,0.0,0.0,0.0,0.0,36.0,28.0,6.0,10.0,0.0,0.0,0.0,237.0,3566.0,4602,21203,331.0,444.0,23.0,248.0,577.0,20.0,15.0,1382.0,57.0,6.0,24.0,2.0,0.0,6.0,12.0,1.0,3.0,93.0,36.0,5.0,14.0,1.0,73.0,1.0,192.0,3566,4602,21203
YAONAHUAC,573.0,558.0,342.0,78.0,362.0,78.0,536.0,1462.0,62.0,7.0,3.0,3.0,1.0,0.0,0.0,0.0,0.0,37.0,11.0,1.0,5.0,0.0,0.0,1.0,223.0,4343.0,5545,21204,334.0,417.0,161.0,12.0,554.0,23.0,299.0,2107.0,112.0,7.0,5.0,1.0,1.0,4.0,2.0,5.0,2.0,93.0,39.0,2.0,20.0,0.0,64.0,1.0,141.0,4406,5545,21204
YEHUALTEPEC,1596.0,947.0,153.0,219.0,468.0,581.0,109.0,6886.0,224.0,11.0,11.0,17.0,17.0,0.0,0.0,0.0,0.0,102.0,41.0,11.0,42.0,0.0,0.0,4.0,708.0,12147.0,16590,21205,1076.0,688.0,77.0,31.0,915.0,284.0,36.0,7157.0,268.0,23.0,11.0,14.0,19.0,8.0,11.0,2.0,1.0,500.0,115.0,20.0,76.0,3.0,488.0,4.0,489.0,12316,16590,21205
ZACAPALA,348.0,535.0,33.0,102.0,42.0,282.0,9.0,703.0,31.0,1.0,6.0,5.0,2.0,0.0,0.0,0.0,0.0,18.0,3.0,1.0,4.0,0.0,0.0,3.0,139.0,2267.0,3308,21206,256.0,417.0,13.0,51.0,92.0,214.0,7.0,944.0,52.0,0.0,8.0,3.0,1.0,0.0,3.0,1.0,1.0,45.0,7.0,2.0,7.0,3.0,32.0,1.0,103.0,2263,3308,21206
ZACAPOAXTLA,5240.0,3872.0,2073.0,700.0,1042.0,486.0,534.0,8915.0,234.0,75.0,59.0,49.0,19.0,0.0,0.0,0.0,0.0,245.0,120.0,19.0,75.0,0.0,0.0,4.0,1502.0,25263.0,38086,21207,2852.0,3667.0,1430.0,221.0,1983.0,247.0,163.0,11589.0,420.0,60.0,63.0,42.0,9.0,50.0,53.0,15.0,3.0,601.0,279.0,31.0,149.0,0.0,743.0,4.0,1214.0,25888,38086,21207
ZACATLAN,9719.0,10297.0,504.0,913.0,1155.0,511.0,971.0,13363.0,476.0,125.0,57.0,50.0,5.0,0.0,0.0,0.0,0.0,306.0,118.0,19.0,98.0,0.0,0.0,6.0,2280.0,40973.0,59565,21208,7719.0,7333.0,327.0,326.0,2164.0,253.0,315.0,17457.0,642.0,133.0,54.0,46.0,9.0,78.0,142.0,78.0,10.0,719.0,223.0,44.0,185.0,13.0,1601.0,17.0,1791.0,41679,59565,21208
ZAPOTITLAN,510.0,1719.0,160.0,76.0,80.0,596.0,40.0,1591.0,33.0,3.0,0.0,8.0,13.0,0.0,0.0,0.0,0.0,15.0,8.0,0.0,7.0,0.0,0.0,0.0,275.0,5134.0,6679,21209,443.0,1049.0,78.0,18.0,246.0,235.0,17.0,2560.0,108.0,5.0,3.0,10.0,9.0,7.0,3.0,1.0,0.0,38.0,21.0,1.0,13.0,1.0,87.0,2.0,209.0,5164,6679,21209
ZAPOTITLAN DE MENDEZ,755.0,994.0,43.0,40.0,388.0,40.0,32.0,892.0,39.0,3.0,3.0,1.0,0.0,0.0,0.0,0.0,0.0,32.0,10.0,4.0,7.0,0.0,0.0,1.0,86.0,3370.0,4022,21210,578.0,813.0,22.0,7.0,511.0,14.0,6.0,1159.0,55.0,2.0,3.0,1.0,0.0,2.0,4.0,2.0,1.0,58.0,17.0,7.0,8.0,1.0,23.0,0.0,68.0,3362,4022,21210
ZARAGOZA,1284.0,1226.0,129.0,1162.0,258.0,192.0,251.0,2860.0,108.0,176.0,9.0,5.0,0.0,0.0,0.0,0.0,0.0,60.0,22.0,2.0,24.0,0.0,0.0,3.0,397.0,8168.0,11553,21211,754.0,1091.0,55.0,642.0,516.0,72.0,62.0,4367.0,171.0,16.0,5.0,11.0,2.0,16.0,48.0,7.0,5.0,217.0,46.0,9.0,58.0,0.0,341.0,0.0,310.0,8821,11553,21211
ZAUTLA,547.0,1213.0,2031.0,677.0,215.0,1935.0,207.0,3580.0,86.0,11.0,99.0,25.0,23.0,0.0,0.0,0.0,0.0,59.0,21.0,4.0,16.0,0.0,0.0,5.0,622.0,11376.0,14084,21212,380.0,1207.0,1443.0,355.0,485.0,1308.0,18.0,4879.0,195.0,19.0,88.0,21.0,13.0,7.0,26.0,1.0,0.0,129.0,47.0,6.0,37.0,0.0,125.0,4.0,527.0,11320,14084,21212
ZIHUATEUTLA,1999.0,644.0,116.0,131.0,288.0,1844.0,120.0,1721.0,132.0,14.0,29.0,25.0,33.0,0.0,0.0,0.0,0.0,30.0,17.0,17.0,22.0,0.0,0.0,3.0,490.0,7675.0,9532,21213,1444.0,667.0,66.0,72.0,456.0,1403.0,139.0,2451.0,209.0,14.0,24.0,22.0,27.0,5.0,9.0,0.0,2.0,77.0,34.0,23.0,26.0,19.0,82.0,4.0,427.0,7702,9532,21213
ZINACATEPEC,1014.0,1646.0,249.0,166.0,771.0,139.0,188.0,3983.0,134.0,9.0,36.0,2.0,2.0,0.0,0.0,0.0,0.0,65.0,72.0,10.0,29.0,0.0,0.0,0.0,354.0,8869.0,11491,21214,837.0,1160.0,126.0,49.0,965.0,72.0,61.0,4687.0,170.0,17.0,30.0,2.0,0.0,3.0,5.0,1.0,1.0,156.0,110.0,12.0,48.0,12.0,167.0,0.0,274.0,8965,11491,21214
ZONGOZOTLA,667.0,729.0,21.0,553.0,70.0,140.0,9.0,487.0,19.0,2.0,7.0,3.0,1.0,0.0,0.0,0.0,0.0,10.0,2.0,0.0,0.0,0.0,0.0,0.0,221.0,2941.0,3485,21215,515.0,647.0,13.0,378.0,195.0,106.0,2.0,806.0,59.0,1.0,10.0,2.0,1.0,2.0,19.0,0.0,4.0,21.0,11.0,4.0,1.0,0.0,14.0,0.0,132.0,2943,3485,21215
ZOQUIAPAN,234.0,546.0,70.0,15.0,49.0,79.0,31.0,264.0,22.0,5.0,0.0,1.0,9.0,0.0,0.0,0.0,0.0,3.0,3.0,0.0,4.0,0.0,0.0,0.0,127.0,1462.0,1816,21216,149.0,483.0,47.0,4.0,88.0,53.0,16.0,407.0,24.0,6.0,4.0,1.0,11.0,1.0,12.0,0.0,0.0,8.0,4.0,2.0,5.0,0.0,10.0,0.0,98.0,1433,1816,21216
ZOQUITLAN,291.0,862.0,2789.0,70.0,245.0,96.0,193.0,4011.0,148.0,46.0,98.0,3.0,8.0,0.0,0.0,0.0,0.0,61.0,28.0,7.0,30.0,0.0,0.0,1.0,530.0,9517.0,12477,21217,287.0,650.0,2085.0,26.0,352.0,75.0,253.0,4498.0,164.0,46.0,89.0,4.0,10.0,5.0,8.0,8.0,0.0,96.0,36.0,6.0,51.0,2.0,82.0,0.0,529.0,9362,12477,21217
